Symbol,CompanyName
A,Agilent Technologies Inc
AA,Alcoa Corp
AADI,Aadi Bioscience Inc
AAL,American Airlines Group Inc
AAME,Atlantic American Corp
AAOI,Applied Optoelectronics Inc
AAON,AAON Inc
AAP,Advance Auto Parts Inc.
AAPL,Apple Inc
AATC,Autoscope Technologies Corp
AAWW,Atlas Air Worldwide Holdings Inc.
ABBV,AbbVie Inc
ABC,AMERISOURCEBERGEN CORPORATION
ABCB,Ameris Bancorp
ABEO,Abeona Therapeutics Inc
ABG,Asbury Automotive Group Inc
ABIO,ARCA biopharma Inc
ABM,ABM Industries Inc
ABMD,ABIOMED Inc
ABST,Absolute Software Corp
ABT,Abbott Laboratories
ABTX,Allegiance Bancshares Inc
ABUS,Arbutus Biopharma Corp
AC,Associated Capital Group Inc
ACA,Arcosa Inc
ACAD,Acadia Pharmaceuticals Inc
ACB,Aurora Cannabis Inc
ACCO,ACCO Brands Corp
ACEL,Accel Entertainment Inc
ACER,Acer Therapeutics Inc
ACET,Adicet Bio Inc
ACGL,Arch Capital Group Ltd
ACHC,Acadia Healthcare Co Inc
ACHV,Achieve Life Sciences Inc
ACIU,AC Immune SA
ACIW,ACI Worldwide Inc
ACLS,Axcelis Technologies Inc.
ACM,AECOM
ACMR,ACM Research Inc
ACN,Accenture PLC
ACNB,ACNB Corp
ACOR,Acorda Therapeutics Inc
ACRS,Aclaris Therapeutics Inc
ACRX,AcelRx Pharmaceuticals Inc
ACST,Acasti Pharma Inc
ACTG,Acacia Research Corp
ADBE,Adobe Inc
ADES,Advanced Emissions Solutions Inc
ADI,Analog Devices Inc
ADIL,Adial Pharmaceuticals Inc
ADM,Archer-Daniels-Midland Co
ADMA,ADMA Biologics Inc
ADMP,Adamis Pharmaceuticals Corp
ADN,Advent Technologies Holdings Inc
ADNT,Adient plc
ADP,Automatic Data Processing Inc
ADPT,Adaptive Biotechnologies Corp
ADSK,AUTODESK INC
ADT,ADT Inc
ADTN,ADTRAN Inc
ADUS,Addus HomeCare Corp
ADVM,Adverum Biotechnologies Inc
AEE,Ameren Corporation
AEHL,Antelope Enterprise Holdings Ltd
AEHR,Aehr Test Systems
AEIS,Advanced Energy Industries Inc.
AEL,American Equity Investment Life Holding Co
AEM,Agnico Eagle Mines Ltd
AEMD,Aethlon Medical Inc
AEO,American Eagle Outfitters Inc.
AEP,American Electric Power Co Inc
AER,AerCap Holdings NV
AERI,Aerie Pharmaceuticals Inc
AES,AES Corp (The)
AESE,Allied Esports Entertainment Inc
AEY,ADDvantage Technologies Group Inc
AEYE,AudioEye Inc
AEZS,AEterna Zentaris Inc
AFBI,Affinity Bancshares Inc
AFG,American Financial Group Inc
AFI,Armstrong Flooring Inc
AFL,AFLAC Inc
AFMD,Affimed NV
AFYA,Afya Ltd
AG,First Majestic Silver Corp
AGCO,AGCO Corp
AGEN,Agenus Inc/DE
AGFS,AgroFresh Solutions Inc
AGI,Alamos Gold Inc
AGIO,Agios Pharmaceuticals Inc
AGLE,Aeglea BioTherapeutics Inc
AGM,Federal Agricultural Mortgage Corp.
AGMH,AGM Group Holdings Inc-REDH
AGO,Assured Guaranty Ltd
AGR,Avangrid Inc
AGRO,Adecoagro SA
AGRX,Agile Therapeutics Inc
AGS,PlayAGS Inc
AGTC,Applied Genetic Technologies Corp
AGX,Argan Inc
AGYS,Agilysys Inc
AHCO,AdaptHealth Corp
AHPI,Allied Healthcare Products Inc
AIG,American International Group Inc
AIHS,Senmiao Technology Ltd
AIKI,Alkido Pharma Inc
AIMC,Altra Industrial Motion Corp
AIN,Albany International Corp.
AINV,Apollo Investment Corp
AIR,AAR Corp
AIRG,Airgain Inc
AIRT,Air T Inc
AIT,Applied Industrial Technologies Inc
AIZ,Assurant Inc.
AJG,Arthur J. Gallagher & Co.
AJRD,Aerojet Rocketdyne Holdings Inc
AKAM,AKAMAI TECHNOLOGIES INC
AKBA,Akebia Therapeutics Inc
AKRO,Akero Therapeutics Inc
AKTS,Akoustis Technologies Inc
AL,Air Lease Corp
ALB,Albemarle Corp
ALBO,Albireo Pharma Inc
ALC,Alcon Inc
ALCO,Alico Inc
ALDX,Aldeyra Therapeutics Inc
ALE,ALLETE Inc.
ALEC,Alector Inc
ALEX,Alexander & Baldwin Inc
ALG,Alamo Group Inc.
ALGN,Align Technology Inc
ALGT,Allegiant Travel Co
ALIM,Alimera Sciences Inc
ALJJ,ALJ Regional Holdings Inc
ALK,ALASKA AIR GROUP INC
ALKS,Alkermes Plc
ALL,The Allstate Corporation
ALLE,Allegion Plc
ALLK,Allakos Inc
ALLO,Allogene Therapeutics Inc
ALLT,Allot Ltd
ALLY,Ally Financial Inc
ALNA,Allena Pharmaceuticals Inc
ALNY,Alnylam Pharmaceuticals Inc
ALOT,AstroNova Inc
ALPN,Alpine Immune Sciences Inc
ALPP,Alpine 4 Holdings Inc
ALR,AlerisLife Inc
ALRM,Alarm.com Holdings Inc
ALRN,Aileron Therapeutics Inc
ALRS,Alerus Financial Corp
ALSN,Allison Transmission Holdings Inc
ALT,Altimmune Inc
ALTG,Alta Equipment Group Inc
ALTO,Alto Ingredients Inc
ALTR,Altair Engineering Inc
ALV,Autoliv Inc
ALYA,Alithya Group Inc
AM,Antero Midstream Corp
AMAL,Amalgamated Financial Corp
AMAT,Applied Materials Inc
AMBA,Ambarella Inc
AMBC,Ambac Financial Group Inc
AMC,AMC Entertainment Holdings Inc
AMCR,Amcor Plc
AMCX,AMC Networks Inc
AMD,Advanced Micro Devices Inc
AME,AMETEK Inc
AMED,Amedisys Inc
AMEH,Apollo Medical Holdings Inc
AMG,Affiliated Managers Group Inc.
AMGN,Amgen Inc
AMK,AssetMark Financial Holdings Inc
AMKR,Amkor Technology Inc
AMN,AMN Healthcare Services Inc.
AMNB,American National Bankshares Inc
AMOT,Allied Motion Technologies Inc
AMP,Ameriprise Financial Inc
AMPH,Amphastar Pharmaceuticals Inc
AMPY,Amplify Energy Corp
AMRC,Ameresco Inc
AMRK,A-Mark Precious Metals Inc
AMRS,Amyris Inc
AMRX,Amneal Pharmaceuticals Inc
AMSC,American Superconductor Corp
AMSF,AMERISAFE Inc
AMSWA,American Software Inc
AMTB,Amerant Bancorp Inc
AMTX,Aemetis Inc
AMWD,American Woodmark Corp
AMZN,Amazon.com Inc
AN,AutoNation Inc
ANAB,AnaptysBio Inc
ANAT,American National Group Inc
ANDE,Andersons Inc (The)
ANET,Arista Networks Inc
ANF,Abercrombie & Fitch Co.
ANGI,Angi Inc
ANGO,AngioDynamics Inc
ANIK,Anika Therapeutics Inc
ANIP,ANI Pharmaceuticals Inc
ANIX,Anixa Biosciences Inc
ANSS,ANSYS Inc
ANTM,ANTHEM INC
ANY,Sphere 3D Corp
AON,Aon plc
AORT,Artivion Inc
AOS,A. O. Smith Corp
AOSL,Alpha and Omega Semiconductor Limited
AP,Ampco-Pittsburgh Corp
APA,APA Corporation
APAM,Artisan Partners Asset Management Inc
APD,Air Products and Chemicals Inc.
APDN,Applied DNA Sciences Inc
APEI,American Public Education Inc
APEN,Apollo Endosurgery Inc
APH,Amphenol Corp
APLS,Apellis Pharmaceuticals Inc
APLT,Applied Therapeutics Inc
APM,Aptorum Group Ltd
APO,Apollo Global Management Inc
APOG,Apogee Enterprises Inc
APPF,AppFolio Inc
APPN,Appian Corp
APPS,Digital Turbine Inc
APRE,Aprea Therapeutics Inc
APRN,Blue Apron Holdings Inc
APTO,Aptose Biosciences Inc
APTV,Aptiv Plc
APTX,Aptinyx Inc
APVO,Aptevo Therapeutics Inc
APWC,Asia Pacific Wire & Cable Corp
APYX,Apyx Medical Corp
AQB,Aqua Bounty Technologies Inc
AQMS,Aqua Metals Inc
AQN,Algonquin Power & Utilities Corp
AQST,Aquestive Therapeutics Inc
AQUA,Evoqua Water Technologies Corp
AR,Antero Resources Corporation
ARAV,Aravive Inc
ARAY,Accuray Inc
ARC,ARC Document Solutions Inc
ARCB,ArcBest Corp
ARCC,ARES CAPITAL CORPORATION
ARCE,Arco Platform Ltd
ARCH,Arch Coal Inc
ARCO,Arcos Dorados Holdings Inc
ARCT,Arcturus Therapeutics Holdings Inc
ARDS,Aridis Pharmaceuticals Inc
ARDX,Ardelyx Inc
AREC,American Res Corp
ARES,Ares Management Corp
ARGO,Argo Group International Holdings Ltd
ARKO,ARKO Corp
ARKR,Ark Restaurants Corp.
ARLO,Arlo Technologies Inc
ARMK,Aramark
AROC,Archrock Inc
AROW,Arrow Financial Corp
ARTL,Artelo Biosciences Inc
ARTNA,Artesian Resources Corp
ARTW,Art's Way Manufacturing Co. Inc
ARVN,Arvinas Inc
ARW,Arrow Electronics Inc
ARWR,Arrowhead Pharmaceuticals Inc
ASB,Associated Banc-Corp
ASC,Ardmore Shipping Corp
ASGN,ASGN Inc
ASH,Ashland Global Holdings Inc
ASIX,AdvanSix Inc
ASLE,AerSale Corp
ASMB,Assembly Biosciences Inc
ASPN,Aspen Aerogels Inc
ASPS,Altisource Portfolio Solutions SA
ASPU,Aspen Group Inc
ASRT,Assertio Holdings Inc
ASRV,AmeriServ Financial Inc
ASTC,Astrotech Corp
ASTE,Astec Industries Inc.
ASTS,AST SpaceMobile Inc
ASUR,Asure Software Inc
ASYS,Amtech Systems Inc
ATCO,Atlas Corp
ATCX,Atlas Technical Consultants Inc
ATEC,Alphatec Holdings Inc
ATEN,A10 Networks Inc
ATER,ATERIAN INC
ATEX,Anterix Inc
ATGE,Adtalem Global Education Inc
ATHX,Athersys Inc
ATI,Allegheny Technologies Inc
ATIF,ATIF Holdings Ltd
ATKR,Atkore Inc
ATLC,Atlanticus Holdings Corp
ATLO,Ames National Corp
ATNF,180 Life Sciences Corp
ATNI,ATN International Inc
ATNX,Athenex Inc
ATO,Atmos Energy Corp
ATOM,Atomera Inc
ATOS,Atossa Therapeutics Inc
ATR,AptarGroup Inc.
ATRA,Atara Biotherapeutics Inc
ATRC,AtriCure Inc
ATRI,ATRION Corp
ATRO,Astronics Corp
ATRS,Antares Pharma Inc
ATSG,Air Transport Services Group Inc
ATTO,Atento SA
ATUS,Altice usa inc
ATVI,Activision Blizzard Inc
ATXI,Avenue Therapeutics Inc
ATXS,Astria Therapeutics Inc
ATY,AcuityAds Holdings Inc
AUB,Atlantic Union Bankshares Corp
AUBN,Auburn National Bancorporation Inc
AUD,Audacy Inc
AUDC,Audiocodes Ltd
AUPH,Aurinia Pharmaceuticals Inc
AUTO,AutoWeb Inc
AUY,Yamana Gold Inc
AVA,Avista Corp
AVAV,AeroVironment Inc
AVB,AvalonBay Communities Inc.
AVCO,Avalon GloboCare Corp
AVCT,American Virtual Cloud Technologies Inc
AVD,American Vanguard Corp
AVEO,AVEO Pharmaceuticals Inc
AVGO,Broadcom Inc
AVGR,Avinger Inc
AVID,Avid Technology Inc.
AVLR,Avalara Inc
AVNS,Avanos Medical Inc
AVNT,Avient Corp
AVNW,Aviat Networks Inc
AVPT,AvePoint Inc
AVRO,AVROBIO Inc
AVT,Avnet Inc
AVTR,Avantor Inc
AVTX,Avalo Therapeutics Inc
AVXL,Anavex Life Sciences Corp
AVY,Avery Dennison Corp
AVYA,Avaya Holdings Corp
AWH,Aspira Womens Health Inc
AWI,Armstrong World Industries Inc
AWK,American Water Works Company Inc
AWR,American States Water Co
AWRE,Aware Inc.
AX,Axos Financial Inc.
AXDX,Accelerate Diagnostics Inc
AXGN,Axogen Inc
AXL,American Axle & Manufacturing Holdings Inc
AXLA,Axcella Health Inc
AXNX,Axonics Inc
AXON,Axon Enterprise Inc
AXP,American Express Co
AXR,AMREP Corp.
AXS,AXIS Capital Holdings Ltd
AXSM,Axsome Therapeutics Inc
AXTA,Axalta Coating Systems Ltd
AXTI,AXT Inc
AY,Atlantica Sustainable Infrastructure plc
AYI,Acuity Brands Inc.
AYRO,Ayro In
AYTU,Aytu BioPharma Inc
AYX,Alteryx Inc
AZO,AutoZone Inc
AZPN,Aspen Technology Inc
AZRE,Azure Power Global Ltd
AZTA,Azenta Inc
AZZ,AZZ Inc
B,Barnes Group Inc
BA,Boeing Co
BAC,Bank of America Corp
BAH,Booz Allen Hamilton Holding Corporation
BALY,Ballys Corp
BAM,Brookfield Asset Management Inc
BANC,Banc of California Inc
BAND,Bandwidth Inc
BANF,BancFirst Corp
BANR,Banner Corp
BAP,Credicorp Ltd
BATRA,Liberty Media Corp Braves Group
BATRK,Liberty Media Corp Braves Group
BAX,Baxter International Inc
BB,BlackBerry Ltd
BBBY,Bed Bath & Beyond Inc.
BBCP,Concrete Pumping Holdings Inc
BBDC,Barings Bdc Inc
BBGI,Beasley Broadcast Group Inc
BBI,Brickell Biotech Inc
BBIG,Vinco Venture Inc
BBIO,BridgeBio Pharma Inc
BBQ,BBQ Holdings Inc
BBSI,Barrett Business Services Inc
BBW,Build-A-Bear Workshop Inc
BBWI,Bath & Body Works Inc
BBY,Best Buy Co Inc
BC,Brunswick Corp
BCBP,BCB Bancorp Inc
BCC,Boise Cascade Co
BCDA,BioCardia Inc
BCE,BCE Inc.
BCEL,Atreca Inc
BCLI,Brainstorm Cell Therapeutics
BCML,BayCom Corp
BCO,Brink's Co (The)
BCOR,Blucora Inc
BCOV,Brightcove Inc
BCOW,1895 Bancorp of Wisconsin Inc
BCPC,Balchem Corp
BCRX,BioCryst Pharmaceuticals Inc
BCSF,Bain Capital Specialty Finance Inc
BCTX,BriaCell Therapeutics Corp
BDC,Belden Inc
BDX,Becton Dickinson and Co
BE,Bloom Energy Corp
BECN,Beacon Roofing Supply Inc
BEEM,Beam Global
BELFA,Bel Fuse Inc.
BELFB,Bel Fuse Inc.
BEN,Franklin Resources Inc
BERY,Berry Global Group Inc
BF-A,Brown-Forman Corp
BF-B,Brown-Forman Corp
BFAM,Bright Horizons Family Solutions Inc
BFC,Bank First Corp
BFH,Bread Financial Holdings Inc
BFI,Burgerfi International Inc
BFIN,BankFinancial Corp
BFST,Business First Bancshares Inc
BG,Bunge Ltd
BGCP,BGC Partners Inc
BGFV,Big 5 Sporting Goods Corp
BGS,B&G Foods Inc
BGSF,BGSF Inc
BH,Biglari Holdings Inc
BHAT,Blue Hat Interactive Entertainment Technology
BHC,Bausch Health Cos Inc
BHE,Benchmark Electronics Inc
BHF,Brighthouse Financial Inc
BHLB,Berkshire Hills Bancorp Inc
BHVN,Biohaven Pharmaceutical Holding Co Ltd
BIG,Big Lots Inc
BIIB,Biogen Inc
BILL,Bill.com Holdings Inc
BIMI,BIMI International Medical Inc
BIO,Bio-Rad Laboratories Inc
BIOC,Biocept Inc
BIOL,Biolase Inc
BIOX,Bioceres Crop Solutions Corp
BITF,Bitfarms Ltd
BJ,BJ's Wholesale Club Holdings Inc
BJRI,BJ's Restaurants Inc
BK,Bank of New York Mellon Corp (The)
BKCC,BlackRock Capital Investment Corp
BKD,Brookdale Senior Living Inc
BKE,Buckle Inc. (The)
BKH,Black Hills Corp
BKI,Black Knight Inc
BKNG,Booking Holdings Inc
BKR,Baker Hughes a GE Co
BKSC,Bank of South Carolina Corp
BKSY,BlackSky Technology Inc
BKU,BankUnited Inc
BKYI,Bio-Key International Inc
BL,BlackLine Inc
BLBD,Blue Bird Corp
BLBX,Blackboxstocks Inc
BLCM,Bellicum Pharmaceuticals Inc
BLD,TopBuild Corp
BLDE,Blade Air Mobility Inc
BLDP,Ballard Power Systems Inc
BLDR,Builders FirstSource Inc
BLFS,Biolife Solutions Inc
BLIN,Bridgeline Digital Inc
BLK,Blackrock Inc
BLKB,Blackbaud Inc
BLMN,Bloomin' Brands Inc
BLNK,Blink Charging Co
BLPH,Bellerophon Therapeutics Inc
BLU,BELLUS Health Inc
BLUE,bluebird bio Inc
BLX,Banco Latinoamericano de Comercio Exterior SA
BMI,Badger Meter Inc.
BMO,Bank of Montreal
BMRA,Biomerica Inc
BMRC,Bank of Marin Bancorp
BMRN,Biomarin Pharmaceutical Inc
BMY,Bristol-Myers Squibb Co
BNED,Barnes & Noble Education Inc
BNFT,Benefitfocus Inc
BNGO,BioNano Genomics Inc
BNS,The Bank of Nova Scotia
BNSO,Bonso Electronics International Inc
BNTC,Benitec Biopharma Ltd
BOC,Boston Omaha Corp
BOH,Bank of Hawaii Corp
BOKF,BOK Financial Corp
BOOM,DMC Global Inc
BOOT,Boot Barn Holdings Inc
BORR,Borr Drilling Limited
BOSC,B.O.S. Better Online Solutions Ltd
BOTJ,Bank of the James Financial Group Inc
BOX,Box Inc
BOXL,Boxlight Corp
BPMC,Blueprint Medicines Corp
BPOP,Popular Inc
BPRN,Bank of Princeton (The)
BPTH,Bio-Path Holdings Inc
BR,Broadridge Financial Solutions Inc
BRAG,Bragg Gaming Group Inc
BRBR,BellRing Brands Inc
BRC,Brady Corp
BRCN,Burcon NutraScience Corp
BRFH,Barfresh Food Group Inc
BRID,Bridgford Foods Corp
BRK-A,Berkshire Hathaway Inc
BRK-B,Berkshire Hathaway Inc
BRKL,Brookline Bancorp Inc
BRKR,Bruker Corporation
BRMK,Broadmark Realty Capital Inc
BRO,Brown & Brown Inc
BROG,Brooge Energy Ltd
BRP,Brp Group Inc
BRQS,Borqs Technologies Inc
BRSP,Brightspire Capital Inc
BRTX,BioRestorative Therapies Inc
BRY,Berry Corp
BSET,Bassett Furniture Industries Inc.
BSGM,BioSig Technologies Inc
BSIG,Brightsphere Investment Group Inc
BSQR,BSQUARE Corp
BSRR,Sierra Bancorp
BSVN,Bank7 Corp
BSX,Boston Scientific Corp
BTAI,BioXcel Therapeutics Inc
BTB,Bit Brother Ltd
BTBT,Bit Digital Inc
BTCS,BTCS Inc
BTCY,Biotricity Inc
BTOG,Bit Origin Limited
BTRS,BTRS Holdings Inc
BTU,Peabody Energy Corp
BTX,Brooklyn ImmunoTherapeutics Inc
BURL,Burlington Stores Inc
BUSE,First Busey Corp
BV,BrightView Holdings Inc
BVH,Bluegreen Vacations Holding Corp
BW,Babcock & Wilcox Enterprises Inc
BWA,BorgWarner Inc
BWB,Bridgewater Bancshares Inc
BWEN,Broadwind Inc
BWFG,Bankwell Financial Group Inc
BWMX,Betterware de Mexico SAB de CV
BWXT,BWX Technologies Inc
BX,Blackstone Group Inc
BXC,BlueLinx Holdings Inc
BXRX,Baudax Bio Inc
BY,Byline Bancorp Inc
BYD,Boyd Gaming Corp
BYFC,Broadway Financial Corp
BYND,Beyond Meat Inc
BYRN,Byrna Technologies Inc
BYSI,BeyondSpring Inc
BZH,Beazer Homes USA Inc.
C,Citigroup Inc
CAAP,Corporacion America Airports SA
CAAS,China Automotive Systems Inc
CABA,Cabaletta Bio Inc
CABO,Cable One Inc
CAC,Camden National Corp
CACC,Credit Acceptance Corp
CACI,CACI International Inc
CADE,Cadence Bank
CAE,CAE Inc.
CAG,Conagra Brands Inc
CAH,Cardinal Health Inc
CAKE,Cheesecake Factory Inc. (The)
CAL,Caleres Inc
CALA,Calithera Biosciences Inc
CALB,California Bancorp
CALM,Cal Maine Foods Inc
CALX,Calix Inc
CAMP,CalAmp Corp
CAMT,Camtek Ltd
CAPR,Capricor Therapeutics Inc
CAR,Avis Budget Group Inc
CARA,Cara Therapeutics Inc
CARE,Carter Bankshares Inc
CARG,CarGurus Inc
CARS,Cars.com Inc
CARV,Carver Bancorp Inc
CASA,Casa Systems Inc
CASH,Meta Financial Grp Inc
CASI,CASI Pharmaceuticals Inc
CASS,Cass Information Systems Inc
CASY,Casey's General Stores Inc.
CAT,Caterpillar Inc
CATC,Cambridge Bancorp
CATO,Cato Corp (The)
CATY,Cathay General Bancorp
CB,Chubb Ltd
CBAN,Colony Bankcorp Inc
CBAT,CBAK Energy Technology Inc
CBAY,Cymabay Therapeutics Inc
CBFV,CB Financial Services Inc
CBIO,Catalyst Biosciences Inc
CBNK,Capital Bancorp Inc
CBRE,CBRE Group Inc
CBRL,Cracker Barrel Old Country Store Inc
CBSH,Commerce Bancshares Inc
CBT,Cabot Corp
CBTX,CBTX Inc
CBU,Community Bank System Inc.
CBZ,CBIZ Inc
CC,Chemours Co (The)
CCB,Coastal Financial Corp
CCBG,Capital City Bank Group
CCEL,Cryo-Cell International Inc
CCEP,Coca-Cola Europacific Partners PLC
CCJ,Cameco Corp
CCK,Crown Holdings Inc
CCL,Carnival Corporation & Plc
CCMP,CMC Materials Inc
CCNC,Code Chain New Continent Ltd
CCNE,CNB Financial Corp/PA
CCO,Clear Channel Outdoor Holdings Inc
CCOI,Cogent Communications Holdings Inc
CCRD,CoreCard Corporation
CCRN,Cross Country Healthcare Inc
CCS,Century Communities Inc
CCXI,ChemoCentryx Inc
CDAY,Ceridian HCM Holding Inc
CDE,Coeur Mining Inc
CDEV,Centennial Resource Development Inc
CDK,CDK Global Inc
CDLX,Cardlytics Inc
CDMO,Avid Bioservices Inc
CDNA,CareDx Inc
CDNS,Cadence Design Systems Inc
CDTX,Cidara Therapeutics Inc
CDW,CDW Corp
CDXC,ChromaDex Corp
CDXS,Codexis Inc
CDZI,Cadiz Inc
CE,Celanese Corp
CEAD,CEA Industries Inc
CECE,CECO Environmental Corp.
CEIX,CONSOL Energy Inc
CELC,Celcuity Inc
CELH,Celsius Holdings Inc
CELU,Celularity Inc
CELZ,Creative Medical Technology Holdings Inc
CEMI,Chembio Diagnostics Inc.
CENN,Cenntro Electric Group Limited
CENT,Central Garden & Pet Co
CENTA,Central Garden & Pet Co
CENX,Century Aluminum Co
CERN,Cerner Corp
CERS,Cerus Corp
CETX,Cemtrex Inc
CEVA,Ceva Inc
CF,CF Industries Holdings Inc
CFB,CrossFirst Bankshares Inc
CFBK,CF Bankshares Inc
CFFI,C&F Financial Corp
CFFN,Capitol Federal Financial Inc
CFG,Citizens Financial Group Inc
CFMS,Conformis Inc
CFR,Cullen/Frost Bankers Inc
CFRX,ContraFect Corp
CG,Carlyle Group Inc (The)
CGA,China Green Agriculture Inc
CGAU,Centerra Gold Inc
CGBD,Carlyle Secured Lending Inc
CGC,Canopy Growth Corp
CGEN,Compugen Ltd
CGNX,Cognex Corporation
CGRN,Capstone Green Energy Corp
CHCI,Comstock Holding Cos Inc
CHCO,City Holding Co
CHD,Church & Dwight Co Inc
CHDN,Churchill Downs Inc
CHE,Chemed Corp
CHEF,Chefs' Warehouse Inc (The)
CHGG,Chegg Inc
CHH,Choice Hotels International Inc.
CHKP,Check Point Software Technologies Ltd
CHMG,Chemung Financial Corp
CHNG,Change Healthcare inc
CHNR,China Natural Resources Inc
CHPT,ChargePoint Holdings Inc
CHRA,Charah Solutions Inc
CHRS,Coherus BioSciences Inc
CHRW,C.H. Robinson Worldwide Inc.
CHS,Chico's FAS Inc.
CHTR,Charter Communications Inc
CHUY,Chuy's Holdings Inc
CHWY,Chewy Inc
CHX,Championx Corp
CI,Cigna Corp
CIA,Citizens Inc.
CIDM,Cinedigm Corp
CIEN,Ciena Corp
CIGI,Colliers International Group Inc
CINF,Cincinnati Financial Corp
CIR,CIRCOR International Inc
CIVB,Civista Bancshares Inc
CIVI,Civitas Resources Inc
CIZN,Citizens Holding Co
CJJD,China Jo-Jo Drugstores Inc
CKPT,Checkpoint Therapeutics Inc
CL,Colgate-Palmolive Co
CLAR,Clarus Corp
CLB,Core Laboratories NV
CLBK,Columbia Financial Inc
CLBS,Caladrius Biosciences Inc
CLDX,Celldex Therapeutics Inc
CLF,Cleveland-Cliffs Inc
CLFD,Clearfield Inc
CLH,Clean Harbors Inc
CLIR,ClearSign Technologies Corp
CLNE,Clean Energy Fuels Corp
CLNN,Clene Inc
CLPR,Clipper Realty Inc
CLPS,CLPS Inc
CLPT,ClearPoint Neuro Inc
CLR,Continental Resources Inc
CLRB,Cellectar Biosciences Inc
CLRO,ClearOne Inc
CLS,Celestica Inc
CLSD,Clearside Biomedical Inc
CLSK,CleanSpark Inc
CLSN,Celsion Corp
CLVS,Clovis Oncology Inc
CLVT,Clarivate Plc
CLW,Clearwater Paper Corp
CLWT,Euro Tech Holdings Co Ltd
CLX,Clorox Co (The)
CLXT,Calyxt Inc
CM,Canadian Imperial Bank of Commerce
CMA,Comerica Incorporated
CMBM,Cambium Networks Corp
CMC,Commercial Metals Co
CMCO,Columbus McKinnon Corp
CMCSA,Comcast Corp
CME,CME Group Inc
CMG,Chipotle Mexican Grill Inc
CMI,Cummins Inc.
CMLS,Cumulus Media Inc
CMP,Compass Minerals International Inc.
CMPR,Cimpress PLC
CMRE,Costamare Inc
CMRX,Chimerix Inc
CMS,CMS Energy Corp
CMTL,Comtech Telecommunications Corp.
CNA,CNA Financial Corp
CNC,Centene Corp
CNCE,Concert Pharmaceuticals Inc
CNDT,Conduent Inc
CNET,ZW Data Action Technologies Inc
CNFR,Conifer Holdings Inc
CNHI,CNH Industrial N.V.
CNI,Canadian National Railway Co
CNK,Cinemark Holdings Inc
CNMD,CONMED Corp
CNNB,Cincinnati Bancorp
CNNE,Cannae Holdings Inc
CNO,CNO Financial Group Inc
CNOB,ConnectOne Bancorp Inc
CNP,CenterPoint Energy Inc.
CNQ,Canadian Natural Resources Ltd
CNR,Cornerstone Building Brands Inc
CNS,Cohen & Steers Inc
CNSL,Consolidated Communications Holdings Inc
CNSP,CNS Pharmaceuticals Inc
CNTG,Centogene NV
CNTY,Century Casinos Inc
CNX,CNX Resources Corp
CNXN,PC Connection Inc
CO,Global Cord Blood Corp
COCP,Cocrystal Pharma Inc
CODA,Coda Octopus Group Inc
CODI,Compass Diversified Holdings
CODX,Co-Diagnostic Inc
COF,Capital One Financial Corp.
COFS,Choiceone Financial Services Inc
COGT,Cogent Biosciences Inc
COHR,Coherent Inc
COHU,Cohu Inc
COKE,Coca Cola Consolidated Inc
COLB,Columbia Banking System Inc
COLD,Americold Realty Trust
COLL,Collegium Pharmaceutical Inc
COLM,Columbia Sportswear Co
COMM,CommScope Holding Co Inc
COMS,ComSovereign Holdings Corp
CONN,Conn's Inc
COO,Cooper Cos Inc (The)
COOP,MR Cooper Group Inc
COP,Conocophillips
CORT,Corcept Therapeutics Inc
COSM,Cosmos Holdings Inc
COST,Costco Wholesale Corp
COTY,Coty Inc
COUP,Coupa Software Inc
COWN,Cowen Inc
CP,Canadian Pacific Railway Ltd
CPA,Copa Holdings SA
CPB,Campbell Soup Co
CPE,Callon Petroleum Co/DE
CPF,Central Pacific Financial Corp.
CPG,Crescent Point Energy Corp
CPHC,Canterbury Park Holding Corp
CPIX,Cumberland Pharmaceuticals Inc
CPK,Chesapeake Utilities Corp.
CPRI,Capri Holdings Ltd
CPRT,Copart Inc
CPRX,Catalyst Pharmaceutical Inc
CPS,Cooper-Standard Holdings Inc
CPSH,CPS Technologies Corp
CPSI,Computer Programs and Systems Inc
CPSS,Consumer Portfolio Services Inc
CR,Crane Co.
CRAI,CRA International Inc
CRBP,Corbus Pharmaceuticals Holdings Inc
CRD-A,Crawford & Co
CRD-B,Crawford & Co
CRDF,Cardiff Oncology Inc
CRDL,Cardiol Therapeutics Inc
CREG,Smart Powerr Corp
CREX,Creative Realities Inc
CRGE,Charge Enterprises Inc
CRI,Carter's Inc.
CRIS,Curis Inc
CRK,Comstock Resources Inc
CRL,Charles River Laboratories International Inc
CRM,SALESFORCE INC
CRMD,CorMedix Inc
CRMT,America's Car-Mart Inc
CRNC,Cerence Inc
CRNT,Ceragon Networks Ltd
CRNX,Crinetics Pharmaceuticals Inc
CRON,Cronos Group Inc
CROX,Crocs Inc
CRS,Carpenter Technology Corp
CRSP,CRISPR Therapeutics AG
CRTX,Cortexyme Inc
CRUS,Cirrus Logic Inc.
CRVL,CorVel Corp.
CRVS,Corvus Pharmaceuticals Inc
CRWD,CrowdStrike Holdings Inc
CRWS,Crown Crafts Inc
CSBR,Champions Oncology Inc
CSCO,Cisco Systems Inc
CSCW,Color Star Technology Co Ltd
CSGP,CoStar Group Inc
CSGS,CSG Systems International Inc.
CSII,Cardiovascular Systems Inc
CSIQ,Canadian Solar Inc
CSL,Carlisle Cos Inc
CSPI,CSP Inc
CSSE,Chicken Soup for the Soul Entertainment Inc
CSTE,Caesarstone Ltd
CSTL,Castle Biosciences Inc
CSTM,Constellium SE
CSTR,CapStar Financial Holdings Inc
CSV,Carriage Services Inc
CSWC,Capital Southwest Corp
CSWI,CSW Industrials Inc
CSX,CSX Corp
CTAS,Cintas Corp
CTBI,Community Trust Bancorp Inc
CTG,Computer Task Group Inc
CTHR,Charles & Colvard Ltd
CTIB,Yunhong CTI Ltd
CTIC,CTI BioPharma Corp
CTLP,Cantaloupe Inc
CTLT,Catalent Inc
CTMX,CytomX Therapeutics Inc
CTO,CTO Realty Growth Inc
CTOS,Custom Truck One Source Inc
CTRA,Coterra Energy Inc
CTRM,Castor Maritime Inc
CTRN,Citi Trends Inc
CTS,CTS Corp
CTSH,Cognizant Technology Solutions Corp
CTSO,Cytosorbents Corp
CTVA,Corteva Inc
CTXR,Citius Pharmaceuticals Inc
CTXS,Citrix Systems Inc
CUBI,Customers Bancorp Inc
CUE,Cue Biopharma Inc
CUEN,Cuentas Inc
CULL,Cullman Bancorp Inc
CULP,Culp Inc.
CURO,CURO Group Holdings Corp
CUTR,Cutera Inc
CVBF,CVB Financial Corp
CVCO,Cavco Industries Inc
CVCY,Central Valley Community Bancorp
CVE,Cenovus Energy Inc
CVEO,Civeo Corp
CVET,Covetrus Inc
CVGI,Commercial Vehicle Group Inc
CVGW,Calavo Growers Inc
CVI,CVR Energy Inc
CVLG,Covenant Logistics Group Inc
CVLT,CommVault Systems Inc
CVLY,Codorus Valley Bancorp Inc
CVNA,Carvana Co
CVS,CVS Health Corp
CVV,CVD Equipment Corp
CVX,Chevron Corp
CW,Curtiss-Wright Corp
CWBC,Community West Bancshares
CWBR,Cohbar Inc
CWCO,Consolidated Water Co. Ltd
CWEN,Clearway Energy Inc
CWEN-A,Clearway Energy Inc
CWH,Camping World Holdings Inc
CWK,Cushman & Wakefield Ltd
CWST,Casella Waste Systems Inc
CWT,California Water Service Group
CXDO,Crexendo Inc
CYAN,Cyanotech Corp
CYBE,CyberOptics Corp
CYBR,CyberArk Software Ltd
CYCC,Cyclacel Pharmaceuticals Inc
CYCN,Cyclerion Therapeutics Inc
CYD,China Yuchai International Ltd
CYH,Community Health Systems Inc
CYRN,CYREN Ltd
CYRX,Cryoport Inc
CYTH,Cyclo Therapeutics Inc
CYTK,Cytokinetics Inc
CYTO,Altamira Therapeutics Ltd
CZNC,Citizens & Northern Corp
CZR,Caesars Entertainment Inc
CZWI,Citizens Community Bancorp Inc
D,Dominion Energy Inc
DAC,Danaos Corp
DAIO,Data I/O Corp
DAKT,Daktronics Inc
DAL,Delta Air Lines Inc
DAN,Dana Inc
DAR,Darling Ingredients Inc
DARE,Dare Bioscience Inc
DBD,Diebold Nixdorf Inc
DBI,Designer Brands Inc
DBRG,DigitalBridge Group Inc
DBX,Dropbox Inc
DCI,Donaldson Co Inc.
DCO,Ducommun Inc
DCOM,Dime Community Bancshares Inc
DCPH,Deciphera Pharmaceuticals Inc
DCTH,Delcath Systems Inc
DD,DuPont  De Nemours Inc
DDD,3D Systems Corp
DDOG,Datadog Inc
DDS,Dillard's Inc.
DE,DEERE & COMPANY
DECK,Deckers Outdoor Corp
DELL,Dell Technologies Inc
DENN,Dennys Corp
DESP,Despegar com Corp
DFFN,Diffusion Pharmaceuticals Inc
DFIN,Donnelley Financial Solutions Inc
DFS,Discover Financial Services
DG,Dollar General Corporation
DGICA,Donegal Group Inc
DGICB,Donegal Group Inc
DGII,Digi International Inc
DGLY,Digital Ally Inc
DGX,Quest Diagnostics Inc
DHI,D.R. Horton Inc.
DHIL,Diamond Hill Investment Group Inc
DHR,Danaher Corp
DHT,DHT Holdings Inc
DHX,DHI Group Inc
DIN,Dine Brands Global Inc
DINO,HF Sinclair Corp
DIOD,Diodes Inc
DIS,Walt Disney Co (The)
DISH,DISH Network Corp
DJCO,Daily Journal Corp
DK,Delek US Holdings Inc
DKNG,DraftKings Inc
DKS,Dick's Sporting Goods Inc.
DLB,Dolby Laboratories Inc
DLHC,DLH Holdings Corp
DLPN,Dolphin Entertainment Inc
DLTH,Duluth Holdings Inc
DLTR,Dollar Tree Inc
DLX,Deluxe Corp
DM,DESKTOP METAL INC
DMAC,DiaMedica Therapeutics Inc
DMRC,Digimarc Corp
DMS,Digital Media Solutions Inc
DMTK,DermTech Inc
DNLI,Denali Therapeutics Inc
DNOW,NOW Inc
DOCU,DocuSign Inc.
DOGZ,Dogness (International) Corp
DOMO,Domo Inc
DOOO,BRP Inc
DOOR,Masonite International Corp
DORM,Dorman Products Inc
DOV,Dover Corp
DOW,Dow Inc
DOX,Amdocs Ltd
DPZ,Domino's Pizza Inc
DRI,Darden Restaurants Inc
DRIO,DarioHealth Corp
DRQ,Dril-Quip Inc.
DRRX,Durect Corp
DRTT,DIRTT Environmental Solutions Ltd
DSGR,Distribution Solutions Group Inc
DSGX,Descartes Systems Group Inc (The)
DSKE,Daseke Inc
DSWL,Deswell Industries Inc
DSX,Diana Shipping Inc
DT,Dynatrace Inc
DTE,DTE Energy Co
DTEA,DAVIDsTEA Inc
DTIL,Precision BioSciences Inc
DTSS,Datasea Inc
DTST,Data Storage Corp
DUK,Duke Energy Corp
DUOT,Duos Technologies Group Inc
DVA,DaVita Inc
DVAX,Dynavax Technologies Corp
DVN,Devon Energy Corp
DWSN,Dawson Geophysical Co
DXC,DXC Technology Co
DXCM,DexCom Inc
DXLG,Destination XL Group Inc
DXPE,DXP Enterprises Inc
DXR,Daxor Corp
DXYN,Dixie Group Inc (The)
DY,Dycom Industries Inc.
DYAI,Dyadic International Inc
DYNT,Dynatronics Corp
DZSI,DASAN Zhone Solutions Inc
EA,Electronic Arts Inc
EAF,Graftech International Ltd
EAST,Eastside Distilling Inc
EAT,Brinker International Inc.
EB,Eventbrite Inc
EBAY,eBay Inc.
EBF,Ennis Inc
EBIX,Ebix Inc
EBMT,Eagle Bancorp Montana Inc
EBS,Emergent BioSolutions Inc
EBTC,Enterprise Bancorp Inc/MA
ECL,Ecolab Inc.
ECOM,ChannelAdvisor Corp
ECOR,ElectroCore Inc
ECPG,Encore Capital Group Inc
ECVT,Ecovyst Inc
ED,Consolidated Edison Inc.
EDIT,Editas Medicine Inc
EDRY,EuroDry Ltd
EDSA,Edesa Biotech Inc
EDUC,Educational Development Corp
EEFT,Euronet Worldwide Inc
EEX,Emerald Holding Inc
EFC,Ellington Financial Inc
EFOI,Energy Focus Inc
EFSC,Enterprise Financial Services Corp
EFX,Equifax Inc.
EGAN,eGain Corp
EGBN,Eagle Bancorp Inc
EGHT,8x8 Inc
EGLE,Eagle Bulk Shipping Inc
EGLX,Enthusiast Gaming Holdings Inc
EGO,Eldorado Gold Corp
EGRX,Eagle Pharmaceuticals Inc
EGY,Vaalco Energy Inc
EHC,Encompass Health Corp
EHTH,eHealth Inc
EIG,Employers Holdings Inc
EIGR,Eiger BioPharmaceuticals Inc
EIX,Edison International
EKSO,Ekso Bionics Holdings Inc
EL,Estee Lauder Cos Inc (The)
ELAN,Elanco Animal Health Inc
ELDN,Eledon Pharmaceuticals Inc
ELF,e.l.f. Beauty Inc
ELOX,Eloxx Pharmaceuticals Inc
ELSE,Electro-Sensors Inc
ELTK,Eltek Ltd
ELVT,Elevate Credit Inc
ELY,Callaway Golf Co
EMCF,Emclaire Financial Corp
EME,EMCOR Group Inc.
EMKR,EMCORE Corp
EML,Eastern Co (The)
EMN,Eastman Chemical Co
EMR,Emerson Electric Co.
ENB,Enbridge Inc
ENDP,Endo International plc
ENG,ENGlobal Corp
ENOB,Enochian Biosciences Inc
ENOV,Enovis Corporation
ENPH,Enphase Energy Inc
ENR,Energizer Holdings Inc
ENS,EnerSys
ENSC,Ensysce Biosciences Inc
ENSG,Ensign Group Inc (The)
ENTA,Enanta Pharmaceuticals Inc
ENTG,Entegris Inc
ENTX,Entera Bio Ltd
ENV,Envestnet Inc
ENVA,Enova International Inc
ENVB,Enveric Biosciences Inc
ENZ,Enzo Biochem Inc.
EOG,EOG Resources Inc.
EOLS,Evolus Inc
EPAC,Enerpac Tool Group Corp
EPAM,EPAM Systems Inc
EPAY,Bottomline Technologies Inc
EPC,Edgewell Personal Care Co
EPIX,ESSA Pharma Inc
EPRT,Essential Properties Realty Trust Inc.
EPSN,Epsilon Energy Ltd
EPZM,Epizyme Inc
EQ,Equillium Inc
EQBK,Equity Bancshares Inc
EQH,Equitable Holdings Inc
EQOS,Eqonex Limited
EQR,Equity Residential
EQT,EQT Corp
ERF,Enerplus Corp
ERIE,Erie Indemnity Co
ERII,Energy Recovery Inc
ERO,Ero Copper Corp.
ES,Eversource Energy
ESBK,Elmira Savings Bank Elmira NY
ESCA,Escalade Inc
ESE,ESCO Technologies Inc.
ESEA,Euroseas Ltd
ESGC,Eros STX Global Corp
ESGR,Enstar Group Ltd
ESI,Element Solutions Inc
ESLT,Elbit Systems Ltd
ESNT,Essent Group Ltd
ESOA,Energy Services of America Corp
ESPR,Esperion Therapeutics Inc
ESQ,Esquire Financial Holdings Inc
ESS,Essex Property Trust Inc.
ESSA,ESSA Bancorp Inc
ESTA,Establishment Labs Holdings Inc
ESTC,Elastic N.V.
ESTE,Earthstone Energy Inc
ETD,Ethan Allen Interiors Inc
ETN,Eaton Corp Plc
ETNB,89bio Inc
ETON,Eton Pharmaceuticals Inc
ETR,Entergy corporation
ETRN,Equitrans Midstream Corp
ETSY,Etsy Inc
ETTX,Entasis Therapeutics Holdings Inc
EURN,Euronav
EVA,Enviva Inc
EVBG,Everbridge Inc
EVC,Entravision Communications Corp.
EVER,EverQuote Inc
EVFM,Evofem Biosciences Inc
EVGN,Evogene Ltd
EVH,Evolent Health Inc
EVK,Ever-Glory International Group Inc
EVLO,Evelo Biosciences Inc
EVOK,Evoke Pharma Inc
EVOP,EVO Payments Inc
EVR,Evercore Inc
EVRG,EVERGY INC
EVRI,Everi Holdings Inc
EVTC,EVERTEC Inc
EW,Edwards Lifesciences Corp
EWBC,East West Bancorp Inc
EXAS,Exact Sciences Corporation
EXC,Exelon Corp
EXEL,Exelixis Inc
EXK,Endeavour Silver Corp
EXLS,ExlService Holdings Inc
EXP,Eagle Materials Inc
EXPD,Expeditors International of Washington Inc.
EXPE,Expedia Group Inc
EXPI,eXp World Holdings Inc
EXPO,Exponent Inc
EXPR,Express Inc
EXTN,Exterran Corp
EXTR,Extreme Networks Inc
EYE,National Vision Holdings Inc
EYEN,Eyenovia Inc
EYES,Second Sight Medical Products Inc
EYPT,EyePoint Pharmaceuticals Inc
EZPW,EZCORP Inc
F,Ford Motor Co
FAF,First American Financial Corp
FAMI,Farmmi Inc
FANG,Diamondback Energy Inc
FARM,Farmer Brothers Co
FARO,FARO Technologies Inc
FAST,Fastenal Co
FAT,Fat Brands Inc
FATE,Fate Therapeutics Inc
FB,Meta Platforms Inc
FBC,Flagstar Bancorp Inc
FBHS,Fortune Brands Home & Security Inc
FBIO,Fortress Biotech Inc
FBIZ,First Business Financial Services Inc
FBK,FB Financial Corp
FBMS,First Bancshares Inc (The)/MS
FBNC,First Bancorp/NC
FBP,First BanCorp (Puerto Rico)
FBRX,Forte Biosciences Inc
FC,Franklin Covey Co.
FCAP,First Capital Inc
FCBC,First Community Bancshares Inc
FCCO,First Community Corp
FCEL,FuelCell Energy Inc
FCF,First Commonwealth Financial Corp.
FCFS,FirstCash Holdings Inc
FCN,FTI Consulting Inc.
FCNCA,First Citizens BancShares Inc
FCPT,Four Corners Property Trust Inc
FCRD,First Eagle Alternative Capital BDC Inc
FCUV,Focus Universal Inc
FCX,Freeport-McMoRan Inc
FDBC,Fidelity D & D Bancorp Inc
FDP,Fresh Del Monte Produce Inc.
FDS,FactSet Research Systems Inc.
FDUS,Fidus Investment Corp
FDX,FedEx Corp.
FE,FirstEnergy Corp.
FEIM,Frequency Electronics Inc.
FELE,Franklin Electric Co Inc
FENC,Fennec Pharmaceuticals Inc
FERG,Ferguson PLC
FET,Forum Energy Technologies Inc
FF,FutureFuel Corp
FFBC,First Financial Bancorp.
FFBW,FFBW Inc
FFHL,Fuwei Films (Holdings) Co Ltd
FFIC,Flushing Financial Corp
FFIN,First Financial Bankshares Inc
FFIV,F5 Inc
FFNW,First Financial Northwest Inc
FFWM,First Foundation Inc
FGBI,First Guaranty Bancshares Inc
FGEN,FibroGen Inc
FGF,FG Financial Group Inc
FHB,First Hawaiian Inc
FHI,Federated Hermes Inc
FHN,First Horizon Corp
FIBK,First Interstate BancSystem Inc
FICO,Fair Isaac Corporation
FIS,Fidelity National Information Services Inc
FISI,Financial Institutions Inc
FISV,Fiserv Inc.
FITB,Fifth Third Bancorp
FIVE,Five Below Inc
FIVN,Five9 Inc
FIX,Comfort Systems USA Inc.
FIXX,Homology Medicines Inc
FIZZ,National Beverage Corp
FKWL,Franklin Wireless Corp
FL,Foot Locker Inc.
FLEX,Flex Ltd
FLGT,Fulgent Genetics Inc
FLIC,First of Long Island Corp (The)
FLL,Full House Resorts Inc
FLMN,Falcon Minerals Corp
FLNT,Fluent Inc
FLO,Flowers Foods Inc.
FLR,Fluor Corp
FLS,Flowserve Corp.
FLT,FleetCor Technologies Inc
FLWS,1-800-FLOWERS.COM Inc
FLXS,Flexsteel Industries Inc
FMAO,Farmers & Merchants Bancorp Inc
FMBH,First Mid Bancshares Inc
FMC,FMC Corp.
FMNB,Farmers National Banc Corp/OH
FN,Fabrinet
FNB,F.N.B. Corp
FNCB,FNCB Bancorp Inc
FND,Floor & Decor Holdings Inc
FNF,Fidelity National Financial Inc FNF Group
FNGR,Fingermotion Inc
FNHC,FedNat Holding Co
FNKO,Funko Inc
FNLC,First Bancorp Inc/ME (The)
FNV,Franco-Nevada Corp
FNWB,First Northwest Bancorp
FNWD,Finward Bancorp
FOA,Finance of America Companies Inc
FOCS,Focus Financial Partners Inc
FOLD,Amicus Therapeutics Inc
FONR,Fonar Corp
FOR,Forestar Group Inc
FORD,Forward Industries Inc
FORM,FormFactor Inc
FORR,Forrester Research Inc
FOSL,Fossil Group Inc
FOX,Fox Corp
FOXA,Fox Corp
FOXF,Fox Factory Holding Corp
FPAY,FlexShopper Inc
FPH,Five Point Holdings LLC
FRAF,Franklin Financial Services Corp
FRBA,First Bank
FRBK,Republic First Bancorp Inc
FRC,First Republic Bank
FREE,Whole Earth Brands Inc
FREQ,Frequency Therapeutics Inc
FRG,Franchise Group Inc
FRGI,Fiesta Restaurant Group Inc
FRHC,Freedom Holding Corp
FRME,First Merchants Corp
FRO,Frontline Ltd
FRPH,FRP Holdings Inc
FRPT,Freshpet Inc
FRST,Primis Financial Corp
FSBW,FS Bancorp Inc
FSEA,First Seacoast Bancorp
FSFG,First Savings Financial Group Inc
FSK,FS KKR Capital Corp
FSLR,First Solar Inc
FSLY,Fastly Inc
FSM,Fortuna Silver Mines Inc
FSR,Fisker Inc
FSS,Federal Signal Corp.
FSTR,L.B. Foster Co
FSTX,F-star Therapeutics Inc
FSV,FirstService Corp
FTAI,Fortress Transportation and Infrastructure Investo
FTCH,Farfetch Ltd
FTDR,Frontdoor Inc
FTEK,Fuel Tech Inc
FTFT,Future FinTech Group Inc
FTI,TechnipFMC plc
FTK,Flotek Industries Inc
FTNT,Fortinet Inc
FTS,Fortis Inc
FTV,Fortive Corp
FUBO,FuboTV Inc
FUL,H.B. Fuller Co.
FULC,Fulcrum Therapeutics Inc
FULT,Fulton Financial Corp
FUNC,First United Corp
FUSB,First US Bancshares Inc
FUV,Arcimoto Inc
FVCB,FVCBankcorp Inc
FVRR,Fiverr International Ltd
FWBI,First Wave BioPharma Inc
FWONA,Formula One Group - The Liberty Media Group
FWONK,Formula One Group - The Liberty Media Group
FWRD,Forward Air Corp
FXNC,First National Corp/VA
G,Genpact Ltd
GABC,German American Bancorp Inc
GAIA,Gaia Inc
GAIN,Gladstone Investment Corporation
GALT,Galectin Therapeutics Inc
GAME,Engine Gaming and Media Inc
GASS,StealthGas Inc
GATX,GATX Corp.
GB,Global Blue Group Holding AG
GBCI,Glacier Bancorp Inc
GBDC,Golub Capital BDC Inc
GBL,Gamco Investors Inc
GBLI,Global Indemnity Group LLC
GBOX,Greenbox POS
GBT,Global Blood Therapeutics Inc
GBX,Greenbrier Cos Inc (The)
GCBC,Greene County Bancorp Inc
GCI,Gannett Co Inc
GCMG,GCM Grosvenor Inc
GCO,Genesco Inc.
GCP,GCP Applied Technologies Inc
GCTK,GlucoTrack Inc
GD,General Dynamics Corp
GDDY,GoDaddy Inc
GDEN,Golden Entertainment Inc
GDOT,Green Dot Corp
GDYN,Grid Dynamics Holdings Inc
GE,General Electric Co
GECC,Great Elm Capital Corp
GEF,Greif Inc.
GEF-B,Greif Inc.
GEG,GREAT ELM GROUP INC
GENC,Gencor Industries Inc
GEOS,Geospace Technologies Corp
GERN,Geron Corp
GES,Guess ? Inc.
GEVO,Gevo Inc
GFF,Griffon Corp.
GGG,Graco Inc.
GH,Guardant Health Inc
GHC,Graham Holdings Co
GHL,Greenhill & Co Inc
GHM,Graham Corp
GHSI,Guardion Health Sciences Inc
GIB,CGI Inc
GIC,Global Industrial Co
GIFI,Gulf Island Fabrication Inc
GIGM,GigaMedia Ltd
GIII,G III Apparel Group Ltd
GIL,Gildan Activewear Inc
GILD,Gilead Sciences Inc
GILT,Gilat Satellite Networks Ltd
GIS,General Mills Inc.
GKOS,Glaukos Corp
GL,Globe Life Inc
GLAD,Gladstone Capital Corp
GLBS,Globus Maritime Ltd
GLDD,Great Lakes Dredge & Dock Corp
GLG,TD Holdings Inc
GLMD,Galmed Pharmaceuticals Ltd
GLNG,Golar LNG Ltd
GLOB,Globant SA
GLRE,Greenlight Capital Re Ltd
GLT,Glatfelter Corp
GLW,Corning Inc
GLYC,GlycoMimetics Inc
GM,General Motors Co
GMBL,eSports Entertainment Group Inc
GMDA,Gamida Cell Ltd
GME,GameStop Corp.
GMED,Globus Medical Inc
GMGI,Golden Matrix Group Inc
GMS,GMS Inc
GNCA,Genocea Biosciences Inc
GNE,Genie Energy Ltd
GNK,Genco Shipping & Trading Ltd
GNLN,Greenlane Holdings Inc
GNPX,Genprex Inc
GNRC,Generac Holdings Inc
GNSS,Genasys Inc
GNTX,Gentex Corporation
GNTY,Guaranty Bancshares Inc
GNUS,Genius Brands International Inc
GNW,Genworth Financial Inc
GO,Grocery Outlet Inc
GOEV,Canoo Inc
GOGL,Golden Ocean Group Ltd
GOGO,Gogo Inc
GOLD,Barrick Gold Corp
GOLF,Acushnet Holdings Corp
GOOG,Alphabet Inc
GOOGL,Alphabet Inc
GOOS,Canada Goose Holdings Inc
GOSS,Gossamer Bio Inc
GPC,Genuine Parts Co
GPI,Group 1 Automotive Inc.
GPK,Graphic Packaging Holding Co
GPMT,Granite Point Mortgage Trust Inc
GPN,GLOBAL PAYMENTS INC
GPRE,Green Plains Inc
GPRK,GeoPark Ltd
GPRO,GoPro Inc
GPS,Gap Inc
GRBK,Green Brick Partners Inc
GRC,Gorman-Rupp Co (The)
GREE,Greenidge Generation Holdings Inc
GRIN,Grindrod Shipping Holdings Ltd
GRMN,Garmin Ltd
GRNQ,Greenpro Capital Corp
GROM,Grom Social Enterprises Inc
GROW,U.S. Global Investors Inc
GRPN,Groupon Inc
GRTS,Gritstone Bio Inc
GRTX,Galera Therapeutics Inc
GRWG,GrowGeneration Corp
GS,Goldman Sachs Group Inc (The)
GSBC,Great Southern Bancorp Inc
GSBD,Goldman Sachs BDC Inc
GSHD,Goosehead Insurance Inc
GSIT,GSI Technology Inc
GSL,Global Ship Lease Inc
GSM,Ferroglobe PLC
GSMG,Glory Star New Media Group Holdings Limited
GT,Goodyear Tire & Rubber Co
GTBP,GT Biopharma Inc
GTEC,Greenland Technologies Holding Corp
GTES,Gates Industrial Corp PLC
GTHX,G1 Therapeutics Inc
GTIM,Good Times Restaurants Inc
GTLS,Chart Industries Inc
GTN,Gray Television Inc.
GTN-A,Gray Television Inc.
GTX,Garrett Motion Inc
GTYH,GTY Technology Holdings Inc
GURE,Gulf Resources Inc
GVA,Granite Construction Inc.
GVP,GSE Systems Inc
GWRE,Guidewire Software Inc
GWRS,Global Water Resources Inc
GWW,Grainger (W.W.) Inc
H,Hyatt Hotels Corp
HA,Hawaiian Holdings Inc
HAE,Haemonetics Corp
HAFC,Hanmi Financial Corp
HAIN,Hain Celestial Group Inc (The)
HAL,Halliburton Co
HALL,Hallmark Financial Services Inc
HALO,Halozyme Therapeutics Inc
HAPP,HAPPINESS DEVELOPMENT GROUP Ltd
HARP,Harpoon Therapeutics Inc
HAS,Hasbro Inc.
HAYN,Haynes International Inc
HBAN,Huntington Bancshares Inc
HBB,Hamilton Beach Brands Holding Co
HBCP,Home Bancorp Inc
HBI,Hanesbrands Inc
HBIO,Harvard Bioscience Inc
HBM,Hudbay Minerals Inc
HBNC,Horizon Bancorp Inc
HBT,HBT Financial Inc
HCA,HCA Healthcare Inc
HCAT,Health Catalyst Inc
HCC,Warrior Met Coal Inc
HCCI,Heritage-Crystal Clean Inc
HCI,HCI Group Inc
HCKT,Hackett Group Inc (The)
HCSG,Healthcare Services Group Inc
HD,Home Depot Inc. (The)
HDSN,Hudson Technologies Inc
HE,Hawaiian Electric Industries Inc.
HEAR,Turtle Beach Corp
HEES,H&E Equipment Services Inc
HEI,HEICO Corp
HEI-A,HEICO Corp
HELE,Helen of Troy Ltd
HEPA,Hepion Pharmaceuticals Inc
HES,Hess Corp
HESM,Hess Midstream LP
HEXO,Hexo Corp
HFBL,Home Federal Bancorp/LA
HFFG,HF Foods Group Inc
HFWA,Heritage Financial Corp
HGBL,Heritage Global Inc
HGEN,Humanigen Inc
HGV,Hilton Grand Vacations Inc
HHC,Howard Hughes Corp (The)
HHS,Harte Hanks Inc.
HI,Hillenbrand Inc
HIBB,Hibbett Inc
HIFS,Hingham Institution for Savings
HIG,Hartford Financial Services Group Inc. (The)
HIHO,Highway Holdings Ltd
HII,Huntington Ingalls Industries Inc
HIL,Hill International Inc
HIMS,Hims & Hers Health Inc
HIVE,Hive Blockchain Technologies Ltd
HL,Hecla Mining Co
HLBZ,Helbiz Inc
HLF,Herbalife Nutrition Ltd
HLI,Houlihan Lokey Inc
HLIO,Helios Technologies Inc
HLIT,Harmonic Inc
HLNE,Hamilton Lane Inc
HLT,Hilton Worldwide Holdings Inc
HLX,Helix Energy Solutions Group Inc
HMN,Horace Mann Educators Corp
HMNF,HMN Financial Inc
HMST,HomeStreet Inc
HMTV,Hemisphere Media Group Inc
HNGR,Hanger Inc
HNI,HNI Corp
HNNA,Hennessy Advisors Inc
HNRG,Hallador Energy Co
HOFT,Hooker Furnishings Corporation
HOFV,Hall of Fame Resort & Entertainment Co
HOG,Harley-Davidson Inc.
HOLI,Hollysys Automation Technologies Ltd
HOLX,Hologic Inc
HOMB,Home Bancshares Inc
HON,Honeywell International Inc
HONE,HarborOne Bancorp Inc
HOOK,HOOKIPA Pharma Inc
HOPE,Hope Bancorp Inc
HOTH,Hoth Therapeutics Inc
HOV,Hovnanian Enterprises Inc.
HP,Helmerich & Payne Inc.
HPE,Hewlett Packard Enterprise Co
HPK,HighPeak Energy Inc
HPQ,HP Inc
HQI,HireQuest Inc
HQY,HealthEquity Inc
HRB,Block H&R Inc
HRI,Herc Holdings Inc
HRL,Hormel Foods Corp
HROW,Harrow Health Inc
HRTG,Heritage Insurance Holdings Inc
HRTX,Heron Therapeutics Inc
HRZN,Horizon Technology Finance Corp
HSC,Harsco Corp
HSDT,Helius Medical Technologies Inc
HSIC,HENRY SCHEIN INC
HSII,Heidrick & Struggles International Inc
HSKA,Heska Corp
HSON,Hudson Global Inc
HSTM,HealthStream Inc
HSTO,Histogen Inc
HSY,Hershey Co (The)
HTBI,HomeTrust Bancshares Inc
HTBK,Heritage Commerce Corp
HTGC,Hercules Capital Inc
HTGM,HTG Molecular Diagnostics Inc
HTH,Hilltop Holdings Inc
HTLD,Heartland Express Inc
HTLF,Heartland Financial USA Inc
HUBB,Hubbell Inc
HUBG,Hub Group Inc
HUBS,HubSpot Inc
HUGE,FSD Pharma Inc
HUM,Humana Inc.
HUN,Huntsman Corp
HURC,Hurco Cos Inc
HURN,Huron Consulting Group Inc
HUSN,Hudson Capital Inc
HUT,Hut 8 Mining Corp
HVBC,HV BANCORP INC
HVT,Haverty Furniture Cos Inc
HWBK,Hawthorn Bancshares Inc
HWC,Hancock Whitney Corp
HWKN,Hawkins Inc
HWM,Howmet Aerospace Inc
HXL,Hexcel Corp
HY,Hyster-Yale Materials Handling Inc
HYMC,Hycroft Mining Holding Corp
HYRE,Hyrecar Inc
HZN,Horizon Global Corp
HZNP,Horizon Therapeutics Public Ltd Co
HZO,MarineMax Inc
IAA,IAA Inc
IAC,IAC/InterActiveCorp
IAG,IAMGold Corp
IART,Integra LifeSciences Holdings Corp
IBCP,Independent Bank Corp
IBKR,Interactive Brokers Group Inc
IBM,International Business Machines Corp
IBOC,International Bancshares Corp
IBP,Installed Building Products Inc
IBRX,ImmunityBio Inc
IBTX,Independent Bank Group Inc
ICAD,icad Inc
ICCC,ImmuCell Corp
ICD,Independence Contract Drilling Inc
ICE,Intercontinental Exchange Inc
ICFI,ICF International Inc
ICHR,Ichor Holdings Ltd
ICLR,Icon PLC
ICMB,Investcorp Credit Management BDC Inc
ICPT,Intercept Pharmaceuticals Inc
ICUI,ICU Medical Inc
IDA,IDACORP Inc.
IDCC,InterDigital Inc
IDEX,Ideanomics Inc
IDN,Intellicheck Inc
IDRA,Idera Pharmaceuticals Inc
IDT,IDT Corp
IDXX,IDEXX Laboratories Inc
IDYA,IDEAYA Biosciences Inc
IEA,Infrastructure and Energy Alternatives Inc
IESC,IES Holdings Inc
IEX,IDEX Corp
IFF,International Flavors & Fragrances Inc
IFRX,InflaRx NV
IFS,Intercorp Financial Services Inc
IGIC,International General Insurance Holdings Ltd
IGMS,IGM Biosciences Inc
IGT,International Game Technology PLC
IHRT,iHeartMedia Inc
III,Information Services Group Inc
IIIN,Insteel Industries Inc
IIIV,I3 Verticals Inc
IIN,Intricon Corp
IIPR,Innovative Industrial Properties Inc
IIVI,II VI Inc
ILMN,Illumina Inc
ILPT,Industrial Logistics Properties Trust
IMAC,IMAC Holdings Inc
IMAX,Imax Corp
IMBI,iMedia Brands Inc
IMGN,ImmunoGen Inc
IMKTA,Ingles Markets Inc
IMMR,Immersion Corp
IMTE,Integrated Media Technology Ltd
IMTX,Immatics NV
IMUX,Immunic Inc
IMV,IMV Inc
IMVT,Immunovant Inc
IMXI,International Money Express Inc
INBK,First Internet Bancorp
INCY,Incyte Corp
INDB,Independent Bank Corp.
INDI,Indie Semiconductor Inc
INDP,Indaptus Therapeutics Inc
INDT,INDUS Realty Trust Inc
INFI,Infinity Pharmaceuticals Inc
INFN,Infinera Corp
INGN,Inogen Inc
INGR,Ingredion Inc
INM,InMed Pharmaceuticals Inc
INMB,INmune Bio Inc
INMD,INMODE LTD
INO,Inovio Pharmaceuticals Inc
INOD,Innodata Inc
INPX,Inpixon
INSE,Inspired Entertainment Inc
INSG,Inseego Corp
INSM,Insmed Inc
INSP,Inspire Medical Systems Inc
INSW,International Seaways Inc
INT,World Fuel Services Corp
INTC,Intel Corp
INTG,Intergroup Corp (The)
INTU,Intuit Inc.
INTZ,Intrusion Inc
INVA,Innoviva Inc
INVE,Identiv Inc
INVH,Invitation Homes Inc
IO,ION Geophysical Corp
IONM,Assure Holdings Corp
IONS,Ionis Pharmaceuticals Inc
IOSP,Innospec Inc
IOVA,Iovance Biotherapeutics Inc
IP,International Paper Co
IPA,ImmunoPrecise Antibodies Ltd
IPAR,Inter Parfums Inc
IPDN,Professional Diversity Network LLC
IPG,Interpublic Group of Cos Inc (The)
IPGP,IPG Photonics Corp
IPI,Intrepid Potash Inc
IPWR,Ideal Power Inc
IQV,Iqvia Holdings Inc
IR,Ingersoll Rand Inc
IRBT,iRobot Corp
IRDM,Iridium Communications Inc
IRIX,IRIDEX Corp
IRMD,iRadimed Corp
IROQ,IF Bancorp Inc
IRT,Independence Realty Trust Inc
IRTC,iRhythm Technologies Inc
IRWD,Ironwood Pharmaceuticals Inc
ISEE,IVERIC bio Inc
ISIG,Insignia Systems Inc
ISRG,Intuitive Surgical Inc
ISSC,Innovative Solutions and Support Inc
ISTR,Investar Holding Corp
ISUN,iSun Inc
IT,Gartner Inc
ITCI,Intra-Cellular Therapies Inc
ITGR,Integer Holdings Corp
ITI,Iteris Inc
ITIC,Investors Title Co
ITRI,Itron Inc
ITRM,Iterum Therapeutics plc
ITRN,Ituran Location and Control Ltd
ITT,ITT Inc
ITW,Illinois Tool Works Inc.
IVAC,Intevac Inc
IVC,Invacare Corp
IVDA,Iveda Solutions Inc
IVZ,Invesco Ltd
IZEA,IZEA Worldwide Inc
J,Jacobs Engineering Group Inc.
JACK,Jack in the Box Inc.
JAGX,Jaguar Health Inc
JAKK,JAKKS Pacific Inc
JAN,JanOne Inc
JAZZ,Jazz Pharmaceuticals Plc
JBGS,JBG SMITH Properties
JBHT,J.B. Hunt Transport Services Inc.
JBI,Janus International Group Inc
JBL,Jabil Inc
JBLU,JetBlue Airways Corp
JBSS,JOHN B SANFILIPPO & SON INC
JBT,John Bean Technologies Corp
JCI,Johnson Controls International Plc
JCTCF,Jewett-Cameron Trading Co Ltd
JEF,Jefferies Financial Group Inc
JELD,JELD-WEN Holding Inc
JHG,Janus Henderson Group PLC
JILL,J Jill Inc
JJSF,J & J Snack Foods Corp
JKHY,Henry (Jack) & Associates Inc
JLL,Jones Lang LaSalle Inc
JMSB,John Marshall Bancorp Inc
JNCE,JOUNCE THERAPEUTICS INC
JNJ,Johnson & Johnson
JNPR,Juniper Networks Inc
JOE,St. Joe Co (The)
JOUT,Johnson Outdoors Inc
JPM,JPMorgan Chase & Co
JRSH,Jerash Holdings (US) Inc
JRVR,James River Group Holdings Ltd
JVA,Coffee Holding Co Inc
JWN,Nordstrom Inc.
JYNT,Joint Corp (The)
K,Kellogg Co
KAI,Kadant Inc.
KALA,Kala Pharmaceuticals Inc
KALU,Kaiser Aluminum Corp
KALV,KalVista Pharmaceuticals Inc
KAMN,Kaman Corp
KAR,KAR Auction Services Inc
KBAL,Kimball International Inc
KBH,KB Home
KBR,KBR Inc
KDNY,Chinook Therapeutics Inc
KDP,Keurig Dr Pepper Inc
KE,Kimball Electronics Inc
KELYA,Kelly Services Inc.
KEN,Kenon Holdings Ltd
KEQU,Kewaunee Scientific Corp
KERN,Akerna Corp
KEX,Kirby Corp
KEY,KeyCorp
KEYS,Keysight Technologies Inc
KFFB,Kentucky First Federal Bancorp
KFRC,Kforce Inc
KFS,Kingsway Financial Services Inc.
KFY,Korn Ferry
KGC,Kinross Gold Corp
KHC,The Kraft Heinz Co
KIDS,OrthoPediatrics Corp
KINS,Kingstone Cos Inc
KIRK,Kirkland's Inc
KKR,KKR & Co Inc
KLAC,KLA Corp
KLIC,Kulicke and Soffa Industries Inc
KLR,Kaleyra Inc
KLXE,KLX Energy Services Holdings Inc
KMB,Kimberly-Clark Corp
KMDA,Kamada Ltd
KMI,Kinder Morgan Inc.
KMPH,KemPharm Inc
KMPR,Kemper Corp
KMT,Kennametal Inc.
KMX,CarMax Inc
KN,Knowles Corp
KNDI,Kandi Technolgies Group Inc
KNSA,Kiniksa Pharmaceuticals Ltd
KNSL,Kinsale Capital Group Inc
KNTK,Kinetik Holdings Inc
KNX,Knight-Swift Transportation Holdings Inc
KO,Coca-Cola Co (The)
KOD,Kodiak Sciences Inc
KODK,Eastman Kodak Co
KOP,Koppers Holdings Inc
KOPN,Kopin Corp
KOS,Kosmos Energy Ltd
KOSS,Koss Corp
KPRX,Kiora Pharmaceuticals Inc
KPTI,Karyopharm Therapeutics Inc
KR,Kroger Co. (The)
KREF,KKR Real Estate Finance Trust Inc
KRMD,Repro MedSystems Inc
KRNT,Kornit Digital Ltd
KRNY,Kearny Financial Corp
KRO,Kronos Worldwide Inc
KRTX,Karuna Therapeutics Inc
KRUS,Kura Sushi USA Inc
KRYS,Krystal Biotech Inc
KSPN,Kaspien Holdings Inc
KSS,Kohl's Corp
KTB,Kontoor Brands Inc
KTCC,Key Tronic Corp
KTOS,Kratos Defense & Security Solutions Inc
KTRA,Kintara Therapeutics Inc
KURA,Kura Oncology Inc
KVHI,KVH Industries Inc
KW,Kennedy-Wilson Holdings Inc
KWR,Quaker Houghton
KXIN,Kaixin Auto Holdings
KZR,Kezar Life Sciences Inc
L,Loews Corp
LAB,Standard BioTools Inc
LAC,Lithium Americas Corp
LAD,Lithia Motors Inc.
LAKE,Lakeland Industries Inc
LANC,Lancaster Colony Corp
LARK,Landmark Bancorp Inc
LASR,nLIGHT Inc
LAUR,Laureate Education Inc
LAZ,Lazard Ltd
LAZR,Luminar Technologies Inc
LAZY,Lazydays Holdings Inc
LBAI,Lakeland Bancorp Inc
LBC,Luther Burbank Corp
LBRDA,Liberty Broadband Corp
LBRDK,Liberty Broadband Corp
LBRT,Liberty Energy Inc
LBTYA,Liberty Global Plc
LBTYK,Liberty Global Plc
LC,LendingClub Corp
LCI,Lannett Co Inc.
LCII,LCI Industries
LCNB,LCNB Corp
LCUT,Lifetime Brands Inc
LDOS,Leidos Holdings Inc
LE,Lands' End Inc
LEA,Lear Corp
LECO,Lincoln Electric Holdings Inc
LEDS,SemiLEDs Corp
LEE,Lee Enterprises Inc
LEG,Leggett & Platt Inc
LEGH,Legacy Housing Corp
LEN,Lennar Corp
LEN-B,Lennar Corp
LEVI,Levi Strauss & Co
LFLY,Leafly Holdings Inc
LFMD,LifeMD Inc
LFUS,Littelfuse Inc
LFVN,Lifevantage Corp
LGF-A,Lions Gate Entertainment Corp
LGF-B,Lions Gate Entertainment Corp
LGIH,LGI Homes Inc
LGMK,LogicMark Inc
LGND,Ligand Pharmaceuticals Inc
LGO,Largo Inc
LH,Laboratory Corp of America Holdings
LHCG,LHC Group Inc
LHX,L3Harris Technologies Inc
LIFE,aTyr Pharma Inc
LII,Lennox International Inc.
LILA,Liberty Latin America Ltd
LILAK,Liberty Latin America Ltd
LIN,Linde Plc
LINC,Lincoln Educational Services Corp
LIND,Lindblad Expeditions Holdings Inc
LINK,Interlink Electronics
LIQT,LiqTech International Inc
LITE,Lumentum Holdings Inc
LIVE,Live Ventures Inc
LIVN,LivaNova PLC
LIXT,Lixte Biotechnology Holdings Inc
LJPC,La Jolla Pharmaceutical Co
LKCO,Luokung Technology Corp
LKFN,Lakeland Financial Corp
LKQ,LKQ Corporation
LL,LL Flooring Holdings Inc
LLL,JX Luxventure Limited
LLNW,Limelight Networks Inc
LLY,Eli Lilly and Co
LMAT,LeMaitre Vascular Inc
LMB,Limbach Holdings Inc
LMFA,LM Funding America Inc
LMNL,Liminal BioSciences Inc
LMNR,Limoneira Co
LMPX,LMP Automotive Holdings Inc
LMST,Limestone Bancorp Inc
LMT,Lockheed Martin Corp
LNC,Lincoln National Corp
LNDC,Landec Corp
LNN,Lindsay Corp
LNT,Alliant Energy Corporation
LNTH,Lantheus Holdings Inc
LNW,LIGHT & WONDER INC
LOB,Live Oak Bancshares Inc
LOCO,El Pollo Loco Holdings Inc
LOGC,LogicBio Therapeutics Inc
LOGI,"Logitech International SA, Apples"
LOOP,Loop Industries Inc
LOPE,Grand Canyon Education Inc
LOTZ,CarLotz Inc
LOVE,Lovesac Co (The)
LOW,Lowe's Cos Inc
LPCN,Lipocine Inc
LPG,Dorian LPG Ltd
LPI,Laredo Petroleum Inc
LPRO,Open Lending Corp
LPSN,LivePerson Inc
LPTH,LightPath Technologies Inc
LPTX,Leap Therapeutics Inc
LPX,Louisiana-Pacific Corp
LQDA,Liquidia Corp
LQDT,Liquidity Services Inc
LRCX,Lam Research Corp
LRFC,Logan Ridge Finance Corp
LRMR,Larimar Therapeutics Inc
LRN,Stride Inc
LSBK,Lake Shore Bancorp Inc
LSCC,Lattice Semiconductor Corporation
LSEA,Landsea Homes Corp
LSTR,Landstar System Inc
LSXMA,Liberty Media Corp SiriusXM Group
LSXMK,Liberty Media Corp SiriusXM Group
LTBR,Lightbridge Corp
LTHM,Livent Corp
LTRPA,Liberty TripAdvisor Holdings Inc
LTRPB,Liberty TripAdvisor Holdings Inc
LTRX,Lantronix Inc
LTRY,Lottery com Inc
LUB,Luby's Inc.
LULU,Lululemon Athletica Inc
LUMN,Lumen Technologies Inc
LUMO,Lumos Pharma Inc
LUNA,Luna Innovations Inc
LUV,Southwest Airlines Co.
LVO,LiveOne Inc
LVOX,LiveVox Holding Inc
LVS,Las Vegas Sands Corp
LW,Lamb Weston Holdings Inc
LWAY,Lifeway Foods Inc
LWLG,Lightwave Logic Inc
LXFR,Luxfer Holdings PLC
LXRX,Lexicon Pharmaceuticals Inc
LXU,LSB Industries Inc
LYB,LyondellBasell Industries NV
LYFT,Lyft Inc
LYL,Dragon Victory International Ltd
LYTS,LSI Industries Inc
LYV,Live Nation Entertainment Inc
LZB,La-Z-Boy Inc
M,Macy's Inc
MA,Mastercard Inc
MACK,Merrimack Pharmaceuticals Inc
MAIN,Main Street Capital Corp
MAN,ManpowerGroup Inc
MANH,Manhattan Associates Inc
MANT,ManTech International Corp
MANU,Manchester United Plc
MAPS,WM Technology Inc
MAR,Marriott International Inc
MARA,Marathon Digital Holdings Inc
MARK,Remark Holdings Inc
MAS,Masco Corporation
MASI,Masimo Corp
MAT,Mattel Inc.
MATW,Matthews International Corp
MATX,Matson Inc
MAXR,Maxar Technologies Inc
MAYS,J. W. Mays Inc
MBCN,Middlefield Banc Corp
MBI,MBIA Inc.
MBII,Marrone Bio Innovations Inc
MBIN,Merchants Bancorp
MBIO,Mustang Bio Inc
MBOT,Microbot Medical Inc
MBRX,Moleculin Biotech Inc
MBUU,Malibu Boats Inc
MBWM,Mercantile Bank Corp
MC,Moelis & Co
MCB,Metropolitan Bank Holding Corp
MCBC,Macatawa Bank Corp
MCBS,Metrocity Bankshares Inc
MCD,McDonald's Corp
MCFT,MasterCraft Boat Holdings Inc
MCHP,Microchip Technology Inc
MCHX,Marchex Inc
MCK,McKesson Corp
MCLD,MCloud Technologies Corp
MCO,Moody's Corp.
MCRB,Seres Therapeutics Inc
MCRI,Monarch Casino & Resort Inc
MCS,Marcus Corp (The)
MCY,Mercury General Corp
MD,Mednax Inc
MDB,MongoDB Inc
MDC,M.D.C. Holdings Inc.
MDGL,Madrigal Pharmaceuticals Inc
MDJH,MDJM Ltd
MDLZ,Mondelez International Inc
MDNA,Medicenna Therapeutics Corp
MDRR,Medalist Diversified REIT Inc
MDRX,Allscripts Healthcare Solutions Inc
MDT,Medtronic PLC
MDU,MDU Resources Group Inc.
MDVL,MedAvail Holdings Inc
MDWD,MediWound Ltd
MDXG,MiMedx Group Inc
MEC,Mayville Engineering Co Inc
MED,Medifast Inc.
MEDP,Medpace Holdings Inc
MEDS,Trxade Health Inc
MEI,Methode Electronics Inc
MEIP,MEI Pharma Inc
MELI,MercadoLibre Inc
MEOH,Methanex Corp
MERC,Mercer International Inc
MESA,Mesa Air Group Inc
MET,Metlife Inc.
METC,Ramaco Resources Inc
METX,Meten Holding Group Ltd
MFC,Manulife Financial Corp
MFIN,Medallion Financial Corp.
MG,Mistras Group Inc
MGA,Magna International Inc
MGEE,MGE Energy Inc
MGI,MoneyGram International Inc
MGIC,Magic Software Enterprises Ltd
MGM,MGM Resorts International
MGNI,Magnite Inc
MGNX,MacroGenics Inc
MGPI,MGP Ingredients Inc
MGRC,McGrath RentCorp
MGTA,Magenta Therapeutics Inc
MGTX,Meiragtx Holdings plc
MGY,Magnolia Oil & Gas Corp
MGYR,Magyar Bancorp Inc
MHK,Mohawk Industries Inc.
MHLD,Maiden Holdings Ltd
MHO,M/I Homes Inc
MIC,Macquarie Infrastructure Holdings LLC
MICT,MICT Inc
MIDD,Middleby Corp (The)
MIGI,Mawson Infrastructure Group Inc
MIME,Mimecast Ltd
MIND,Mind Technology Inc
MINM,Minim Inc
MIRM,Mirum Pharmaceuticals Inc
MIST,Milestone Pharmaceuticals USA Inc
MITK,Mitek Systems Inc
MKC,McCormick & Co Inc
MKC-V,McCormick & Co Inc
MKL,Markel Corp
MKSI,MKS Instruments Inc
MKTX,MarketAxess Holdings Inc
MLAB,Mesa Laboratories Inc
MLI,Mueller Industries Inc.
MLKN,MillerKnoll Inc
MLM,Martin Marietta Materials Inc.
MLP,Maui Land & Pineapple Co Inc.
MLR,Miller Industries Inc/TN
MLVF,Malvern Bancorp Inc
MMAT,Meta Materials Inc
MMC,Marsh & McLennan Companies Inc
MMI,Marcus & Millichap Inc
MMM,3M Co
MMS,MAXIMUS Inc.
MMSI,Merit Medical Systems Inc
MMYT,MakeMyTrip Ltd
MN,Manning & Napier Inc
MNDO,Mind Cti Ltd
MNDT,Mandiant Inc
MNKD,MannKind Corp
MNMD,Mind Medicine Mindmed Inc
MNOV,Medicinova Inc
MNPR,Monopar Therapeutics Inc
MNRL,Brigham Minerals Inc
MNRO,Monro Inc
MNSB,MainStreet Bancshares Inc
MNST,Monster Beverage Corp
MNTV,Momentive Global Inc
MNTX,Manitex International Inc
MO,Altria Group Inc
MOBQ,Mobiquity Technologies Inc
MOD,Modine Manufacturing Co
MODN,Model N Inc
MODV,ModivCare Inc
MOFG,MidWestOne Financial Group Inc
MOG-A,Moog Inc.
MOGO,Mogo Inc
MOH,Molina Healthcare Inc.
MORF,Morphic Holding Inc
MORN,Morningstar Inc
MOS,Mosaic Company (The)
MOTS,Motus GI Holdings Inc
MOV,Movado Group Inc
MOXC,Moxian (BVI) Inc
MPAA,Motorcar Parts of America Inc
MPB,Mid Penn Bancorp Inc
MPC,Marathon Petroleum Corp
MPWR,Monolithic Power Systems Inc
MPX,Marine Products Corp
MRAM,Everspin Technologies Inc
MRBK,Meridian Corp
MRC,MRC Global Inc
MRCC,Monroe Capital Corp
MRCY,Mercury Systems Inc
MRIN,Marin Software Inc
MRK,Merck & Co Inc
MRKR,Marker Therapeutics Inc
MRNA,Moderna Inc
MRNS,Marinus Pharmaceuticals Inc
MRO,Marathon Oil Corp
MRSN,Mersana Therapeutics Inc
MRTN,Marten Transport Ltd
MRTX,Mirati Therapeutics Inc
MRUS,Merus NV
MRVL,Marvell Technology Inc
MS,Morgan Stanley
MSA,MSA Safety Inc
MSB,Mesabi Trust
MSBI,Midland States Bancorp Inc
MSCI,MSCI Inc
MSEX,Middlesex Water Co
MSFT,Microsoft Corp
MSGS,Madison Square Garden Sports Corp
MSI,Motorola Solutions Inc
MSM,MSC Industrial Direct Co Inc.
MSTR,MicroStrategy Inc
MSVB,Mid-Southern Bancorp Inc
MTB,M&T Bank Corp
MTBC,CareCloud Inc
MTC,Mmtec Inc
MTCH,Match Group Inc
MTD,Mettler-Toledo International Inc
MTDR,Matador Resources Co
MTEM,Molecular Templates
MTEX,Mannatech Inc
MTG,MGIC Investment Corp
MTH,Meritage Homes Corp
MTN,Vail Resorts Inc.
MTOR,Meritor Inc
MTR,Mesa Royalty Trust
MTRN,Materion Corp
MTRX,Matrix Service Co
MTSI,MACOM Technology Solutions Holdings Inc
MTW,Manitowoc Co Inc (The)
MTX,Minerals Technologies Inc.
MTZ,MasTec Inc.
MU,Micron Technology Inc.
MULN,Mullen Automotive Inc
MUR,Murphy Oil Corp
MUSA,Murphy USA Inc
MUX,McEwen Mining Inc
MVBF,MVB Financial Corp
MVIS,Microvision Inc WA
MVST,Microvast Holdings Inc
MWA,Mueller Water Products Inc
MX,MagnaChip Semiconductor Corp
MXL,MaxLinear Inc
MYE,Myers Industries Inc.
MYFW,First Western Financial Inc
MYGN,Myriad Genetics Inc
MYMD,MyMD Pharmaceuticals Inc
MYOV,Myovant Sciences Ltd
MYRG,MYR Group Inc
MYSZ,My Size Inc
NAII,Natural Alternatives International Inc
NAOV,NanoVibronix Inc
NAT,Nordic American Tankers Ltd
NATH,Nathan's Famous Inc
NATI,National Instruments Corporation
NATR,Nature's Sunshine Products Inc
NAVI,Navient Corporation
NBEV,NewAge Inc
NBHC,National Bank Holdings Corp
NBIX,Neurocrine Biosciences Inc
NBN,Northeast Bank
NBR,Nabors Industries Ltd
NBRV,Nabriva Therapeutics plc
NBSE,NeuBase Therapeutics Inc
NBTB,NBT Bancorp Inc
NC,NACCO Industries Inc.
NCBS,Nicolet Bankshares Inc
NCLH,Norwegian Cruise Line Holdings Ltd
NCMI,National CineMedia Inc
NCR,NCR Corp
NCSM,NCS Multistage Holdings Inc
NDAQ,Nasdaq Inc
NDLS,Noodles & Co
NDRA,ENDRA Life Sciences Inc
NDSN,Nordson Corp
NECB,Northeast Community Bancorp Inc
NEE,NextEra Energy Inc
NEGG,Newegg Commerce Inc
NEM,Newmont Corporation
NEO,Neogenomics Inc
NEOG,Neogen Corp
NEON,Neonode Inc
NEPH,Nephros Inc.
NEPT,Neptune Wellness Solution Inc
NERV,Minerva Neurosciences Inc
NESR,National Energy Services Reunited Corp
NET,Cloudflare Inc
NETI,Eneti Inc
NEU,NewMarket Corp
NEWR,New Relic Inc
NEWT,Newtek Business Services Corp
NEX,NexTier Oilfield Solutions Inc
NEXA,Nexa Resources SA
NEXT,NextDecade Corp
NFBK,Northfield Bancorp Inc
NFE,New Fortress Energy Inc
NFG,National Fuel Gas Co
NFLX,Netflix Inc
NGM,NGM Biopharmaceuticals Inc
NGS,Natural Gas Services Group Inc.
NGVC,Natural Grocers by Vitamin Cottage Inc
NGVT,Ingevity Corp
NH,NantHealth Inc
NHTC,Natural Health Trends Corp
NI,NiSource Inc
NICK,Nicholas Financial Inc
NINE,Nine Energy Service Inc
NISN,NiSun International Enterprise Development Group C
NJR,New Jersey Resources Corp
NKE,Nike Inc
NKLA,Nikola Corp
NKSH,National Bankshares Inc
NKTR,Nektar Therapeutics
NL,NL Industries Inc.
NLOK,NortonLifeLock Inc
NLS,Nautilus Inc
NLSN,Nielsen Holdings plc
NLTX,Neoleukin Therapeutics Inc
NM,Navios Maritime Holdings Inc
NMFC,New Mountain Finance Corp
NMIH,NMI Holdings Inc
NMRD,Nemaura Medical Inc
NMRK,Newmark Group Inc
NMTC,NeuroOne Medical Technologies Corp
NMTR,9 Meters Biopharma Inc
NNBR,NN Inc
NNI,Nelnet Inc.
NOA,North American Construction Group Ltd
NOC,Northrop Grumman Corp
NODK,NI Holdings Inc
NOG,Northern Oil and Gas Inc
NOMD,Nomad Foods Ltd
NOTV,Inotiv Inc
NOV,NOV Inc
NOVA,Sunnova Energy International Inc
NOVN,Novan Inc
NOVT,Novanta Inc
NOW,ServiceNow Inc
NP,Neenah Inc
NPK,National Presto Industries Inc.
NPO,EnPro Industries Inc.
NPTN,NeoPhotonics Corp
NR,Newpark Resources Inc.
NRBO,NeuroBo Pharmaceuticals Inc
NRC,National Research Corp
NRG,NRG Energy Inc
NRIM,Northrim BanCorp Inc
NRXP,NRX Pharmaceuticals Inc
NSC,Norfolk Southern Corp
NSEC,National Security Group Inc
NSIT,Insight Enterprises Inc
NSP,Insperity Inc.
NSPR,InspireMD Ltd
NSSC,NAPCO Security Technologies Inc
NSTG,NanoString Technologies Inc
NSYS,Nortech Systems Inc
NTAP,NetApp Inc
NTB,Bank Butterfield & Son Ltd
NTCT,NetScout Systems Inc
NTGR,NETGEAR Inc
NTIC,Northern Technologies International Corp
NTLA,Intellia Therapeutics Inc
NTNX,Nutanix Inc
NTP,Nam Tai Property Inc
NTR,Nutrien Ltd
NTRA,Natera Inc
NTRS,Northern Trust Corp
NTUS,Natus Medical Inc
NTWK,NetSol Technologies Inc
NUE,Nucor Corp
NURO,NeuroMetrix Inc
NUS,Nu Skin Enterprises Inc.
NUVA,NuVasive Inc
NUWE,Nuwellis Inc
NVAX,Novavax Inc
NVCN,Neovasc Inc
NVCR,NovoCure Ltd
NVDA,NVIDIA Corporation
NVEC,NVE Corp
NVEE,NV5 Global Inc
NVFY,Nova Lifestyle Inc
NVGS,Navigator Holdings Ltd
NVIV,InVivo Therapeutics Holdings Corp
NVMI,Nova Ltd
NVNO,enVVeno Medical Corporation
NVR,NVR Inc.
NVRO,Nevro Corp
NVST,Envista Holdings Corp
NVT,nVent Electric plc
NVTA,Invitae Corp
NWBI,Northwest Bancshares Inc
NWE,NorthWestern Corp
NWFL,Norwood Financial Corp.
NWL,Newell Brands Inc
NWLI,National Western Life Group Inc
NWN,Northwest Natural Holding Co
NWPX,Northwest Pipe Co
NWS,News Corp
NWSA,News Corp
NX,Quanex Building Products Corp
NXE,NexGen Energy Ltd
NXGN,NextGen Healthcare Inc
NXPI,NXP Semiconductors NV
NXPL,NextPlat Corp
NXST,Nexstar Media Group Inc.
NXTC,NextCure Inc
NXTP,NextPlay Technologies Inc
NYCB,New York Community Bancorp Inc.
NYMX,Nymox Pharmaceutical Corp
NYT,The New York Times Company
OAS,Oasis Petroleum Inc
OBCI,Ocean Bio-Chem Inc
OBLG,Oblong Inc
OBNK,Origin Bancorp Inc
OBSV,ObsEva SA
OBT,Orange County Bancorp Inc
OC,Owens Corning
OCC,Optical Cable Corp
OCFC,OceanFirst Financial Corp.
OCGN,Ocugen Inc
OCN,Ocwen Financial Corp
OCSL,Oaktree Specialty Lending Corp
OCUL,Ocular Therapeutix Inc
OCUP,Ocuphire Pharma Inc
OCX,OncoCyte Corp
ODC,Oil-Dri Corp of America
ODFL,Old Dominion Freight Line Inc
ODP,The ODP Corporation
OEC,Orion Engineered Carbons SA
OEG,Orbital Energy Group Inc
OESX,Orion Energy Systems Inc
OFED,Oconee Federal Financial Corp
OFG,OFG Bancorp
OFIX,Orthofix Medical Inc
OFLX,Omega Flex Inc
OFS,OFS Capital Corporation
OGE,OGE ENERGY CORP
OGI,OrganiGram Holdings Inc
OGS,ONE Gas Inc
OI,O I Glass Inc
OII,Oceaneering International Inc.
OIS,Oil States International Inc
OKE,ONEOK Inc
OKTA,OKTA INC
OLB,OLB Group Inc (The)
OLED,Universal Display Corp
OLLI,Ollie's Bargain Outlet Holdings Inc
OLN,Olin Corp
OMC,Omnicom Group Inc
OMCL,Omnicell Inc
OMER,Omeros Corp
OMEX,Odyssey Marine Exploration Inc.
OMF,OneMain Holdings Inc
OMI,Owens & Minor Inc.
OMQS,OMNIQ Corp
ON,ON Semiconductor Corp
ONB,Old National Bancorp
ONCS,OncoSec Medical Inc
ONCT,Oncternal Therapeutics Inc
ONCY,Oncolytics Biotech Inc
ONTO,Onto Innovation Inc
ONTX,Onconova Therapeutics Inc
ONVO,Organovo Holdings Inc
OOMA,Ooma Inc
OPBK,OP Bancorp
OPCH,Option Care Health Inc
OPGN,OpGen Inc
OPHC,OptimumBank Holdings Inc
OPK,Opko Health Inc
OPNT,Opiant Pharmaceuticals Inc
OPOF,Old Point Financial Corp
OPRT,Oportun Financial Corp
OPRX,OptimizeRX Corp
OPTN,Optinose Inc
OPY,Oppenheimer Holdings Inc
OR,Osisko Gold Royalties Ltd
ORA,Ormat Technologies Inc
ORCC,Owl Rock Capital Corp
ORCL,Oracle Corp
ORGO,Organogenesis Holdings Inc
ORGS,Orgenesis Inc
ORI,Old Republic International Corp
ORLY,O'Reilly Automotive Inc
ORMP,Oramed Pharmaceuticals Inc
ORN,Orion Group Holdings Inc
ORRF,Orrstown Financial Services Inc
OSBC,Old Second Bancorp Inc
OSG,Overseas Shipholding Group Inc.
OSIS,OSI Systems Inc
OSK,Oshkosh Corp
OSPN,OneSpan Inc
OSS,One Stop Systems Inc
OSTK,OVERSTOCK COM INC
OSUR,OraSure Technologies Inc
OSW,Onespaworld Holdings Ltd
OTEX,Open Text Corp
OTIC,Otonomy Inc
OTLK,Outlook Therapeutics Inc
OTRK,Ontrak Inc
OTTR,Otter Tail Corp
OVBC,Ohio Valley Banc Corp.
OVID,Ovid Therapeutics Inc
OVLY,Oak Valley Bancorp
OVV,Ovintiv Inc
OXBR,Oxbridge Re Holdings Ltd
OXM,Oxford Industries Inc.
OXSQ,Oxford Square Capital Corp
OXY,Occidental Petroleum Corp
OYST,Oyster Point Pharma Inc
OZK,Bank OZK
PAAS,Pan American Silver Corp
PACB,Pacific Biosciences of California Inc
PACK,Ranpak Holdings Corp
PACW,PacWest Bancorp
PAG,Penske Automotive Group Inc
PAGP,Plains GP Holdings LP
PAGS,PagSeguro Digital Ltd
PAHC,Phibro Animal Health Corp
PALI,Palisade Bio Inc
PALT,Paltalk Inc
PANL,Pangaea Logistics Solutions Ltd
PANW,Palo Alto Networks Inc
PAR,PAR Technology Corp
PARA,Paramount Global
PARAA,Paramount Global
PARR,Par Pacific Holdings Inc
PATI,Patriot Transportation Holding Inc
PATK,Patrick Industries Inc
PAVM,PAVmed Inc
PAYA,Paya Holdings Inc
PAYC,Paycom Software Inc
PAYS,Paysign Inc
PAYX,Paychex Inc.
PB,Prosperity Bancshares Inc
PBA,Pembina Pipeline Corp
PBF,PBF Energy Inc
PBFS,Pioneer Bancorp Inc
PBH,Prestige Consumer Healthcare Inc
PBHC,Pathfinder Bancorp Inc
PBI,Pitney Bowes Inc.
PBIP,Prudential Bancorp Inc
PBLA,Panbela Therapeutics Inc
PBPB,Potbelly Corp
PBTS,Powerbridge Technologies Co Ltd
PBYI,Puma Biotechnology Inc
PCAR,PACCAR Inc
PCB,PCB Bancorp
PCG,PG&E Corp
PCOM,Points.com Inc
PCRX,Pacira BioSciences Inc
PCSA,Processa Pharmaceuticals Inc
PCSB,PCSB Financial Corp
PCTI,PCTEL Inc
PCTY,Paylocity Holding Corp
PCYG,Park City Group Inc
PCYO,Pure Cycle Corp
PD,PagerDuty Inc
PDCE,PDC Energy Inc
PDCO,Patterson Cos Inc
PDEX,Pro Dex Inc
PDFS,PDF Solutions Inc
PDLB,Ponce Financial Group Inc
PDS,Precision Drilling Corp
PDSB,PDS Biotechnology Corp
PEBK,Peoples Bancorp of North Carolina Inc.
PEBO,Peoples Bancorp Inc
PEG,Public Service Enterprise Group Inc
PEGA,Pegasystems Inc
PEGY,Pineapple Energy Inc
PEN,Penumbra Inc
PENN,Penn National Gaming Inc
PEP,PepsiCo Inc
PERI,Perion Network Ltd
PESI,Perma Fix Environmental Services Inc
PETQ,PetIQ Inc
PETS,PetMed Express Inc
PETV,PetVivo Holdings Inc
PETZ,TDH Holdings Inc
PFBC,Preferred Bank of Los Angeles
PFC,Premier Financial Corp
PFE,Pfizer Inc
PFG,Principal Financial Group Inc
PFGC,PERFORMANCE FOOD GROUP COMPANY
PFIE,Profire Energy Inc
PFIN,P & F Industries Inc
PFIS,Penseco Financial Services Corp
PFLT,PennantPark Floating Rate Capital Ltd
PFMT,Performant Financial Corp
PFS,Provident Financial Services Inc.
PFSI,PennyMac Financial Services Inc
PFSW,PFSweb Inc
PFX,PhenixFIN Corp
PG,Procter & Gamble Co (The)
PGC,Peapack-Gladstone Financial Corp
PGEN,Precigen Inc
PGNY,Progyny Inc
PGR,Progressive Corp (The)
PGTI,PGT Innovations Inc
PH,Parker-Hannifin Corp
PHAS,PhaseBio Pharmaceuticals Inc
PHAT,Phathom Pharmaceuticals Inc
PHCF,Puhui Wealth Investment Management Co Ltd
PHIO,Phio Pharmaceuticals Corp
PHM,PulteGroup Inc
PHR,Phreesia Inc
PHUN,Phunware Inc
PHX,PHX Minerals Inc
PI,Impinj Inc
PII,Polaris Inc
PINC,Premier Inc
PINE,Alpine Income Property Trust Inc
PING,Ping Identity Holding Corp
PINS,Pinterest Inc
PIPR,Piper Sandler Cos
PIRS,Pieris Pharmaceuticals Inc
PIXY,ShiftPixy Inc
PJT,PJT Partners Inc
PK,Park Hotels & Resorts Inc
PKBK,Parke Bancorp Inc
PKE,Park Aerospace Corp
PKG,Packaging Corp Of America
PKI,PerkinElmer Inc.
PKOH,Park Ohio Holdings Corp.
PLAB,Photronics Inc
PLAN,Anaplan Inc
PLAY,Dave & Buster's Entertainment Inc
PLBC,Plumas Bancorp
PLCE,Childrens Place Inc (The)
PLL,Piedmont Lithium Inc
PLMR,Palomar Holdings Inc
PLNT,Planet Fitness Inc
PLOW,Douglas Dynamics Inc
PLPC,Preformed Line Products Co
PLSE,Pulse Biosciences Inc
PLUG,Plug Power Inc
PLUS,ePlus Inc
PLXP,PLx Pharma Inc
PLXS,Plexus Corp
PLYA,Playa Hotels & Resorts N.V.
PLYM,Plymouth Industrial REIT Inc
PM,Philip Morris International Inc
PMCB,PharmaCyte Biotech Inc
PMD,Psychemedics Corp
PME,Pingtan Marine Enterprise Ltd
PMTS,CPI Card Group Inc
PNBK,Patriot National Bancorp Inc
PNC,The PNC Financial Services Group Inc
PNFP,Pinnacle Financial Partners Inc
PNM,PNM Resources Inc.
PNNT,PennantPark Investment Corp
PNR,Pentair plc
PNRG,Primeenergy Resources Corp
PNTG,Pennant Group Inc (The)
PNW,Pinnacle West Capital Corp
POAI,Predictive Oncology Inc
PODD,Insulet Corp
POET,POET Technologies Inc
POLA,Polar Power Inc
POLY,Plantronics Inc.
POOL,Pool Corp
POR,Portland General Electric Co
POST,Post Holdings Inc
POWI,Power Integrations Inc
POWL,Powell Industries Inc
POWW,AMMO Inc
PPBI,Pacific Premier Bancorp Inc
PPC,Pilgrim's Pride Corp
PPG,PPG Industries Inc.
PPIH,Perma-Pipe International Holdings Inc
PPL,PPL Corp
PPSI,Pioneer Power Solutions Inc
PRA,ProAssurance Corp
PRAA,PRA Group Inc
PRDO,Perdoceo Education Corp
PRFT,Perficient Inc
PRG,PROG Holdings Inc
PRGO,Perrigo Co Plc
PRGS,Progress Software Corp
PRI,Primerica Inc
PRIM,Primoris Services Corp
PRLB,Proto Labs Inc
PRMW,Primo Water Corp
PRO,PROS Holdings Inc
PROC,Procaps Group SA
PROF,Profound Medical Corp
PROV,Provident Financial Holdings Inc
PRPH,ProPhase Labs Inc
PRPL,Purple Innovation Inc
PRPO,Precipio Inc
PRQR,ProQR Therapeutics NV
PRSO,Peraso Inc
PRTA,Prothena Corp Plc
PRTG,Portage Biotech Inc
PRTH,Priority Technology Holdings Inc
PRTK,Paratek Pharmaceuticals Inc
PRTS,CarParts.com Inc
PRTY,Party City Holdco Inc
PRU,Prudential Financial Inc
PRVB,Provention Bio Inc
PSEC,Prospect Capital Corp
PSHG,Performance Shippping Inc
PSMT,PriceSmart Inc
PSN,Parsons Corp
PSNL,Personalis Inc
PSTG,Pure Storage Inc
PSTI,Pluristem Therapeutics Inc
PSTL,Postal Realty Trust Inc
PSTV,Plus Therapeutics Inc
PSX,Phillips 66
PTC,PTC Inc
PTCT,PTC Therapeutics Inc
PTE,PolarityTE Inc
PTEN,Patterson-UTI Energy Inc
PTGX,Protagonist Therapeutics Inc
PTMN,Portman Ridge Finance Corp
PTON,Peloton Interactive Inc
PTRS,Partners Bancorp
PTSI,P.A.M. Transportation Services Inc
PULM,Pulmatrix Inc
PUMP,ProPetro Holding Corp
PVBC,Provident Bancorp Inc
PVH,PVH Corp
PWFL,PowerFleet Inc
PWOD,Penns Woods Bancorp Inc
PWR,Quanta Services Inc.
PXD,Pioneer Natural Resources Co
PXLW,Pixelworks Inc
PXS,Pyxis Tankers Inc
PYPL,PayPal Holdings Inc
PYR,PyroGenesis Canada Inc
PZN,Pzena Investment Management Inc
PZZA,Papa John's International Inc
QCOM,QUALCOMM Inc.
QCRH,QCR Holdings Inc
QDEL,Quidel Corp
QGEN,Qiagen NV
QIPT,Quipt Home Medical Corp
QLGN,Qualigen Therapeutics Inc
QLYS,Qualys Inc
QMCO,Quantum Corp
QNST,QuinStreet Inc
QRHC,Quest Resource Holding Corp
QRTEA,Qurate Retail Inc
QRTEB,Qurate Retail Inc
QRVO,Qorvo Inc
QSR,Restaurant Brands International Inc
QTNT,Quotient Ltd
QTRX,Quanterix Corp
QTWO,Q2 Holdings Inc
QUAD,Quad/Graphics Inc
QUBT,Quantum Computing Inc
QUIK,QuickLogic Corp
QUMU,Qumu Corp
QUOT,Quotient Technology Inc
QURE,UniQure NV
R,Ryder System Inc
RACE,Ferrari NV
RAD,Rite Aid Corp.
RADA,RADA Electronic Industries Ltd
RAIL,FreightCar America Inc
RAMP,Liveramp Holdings Inc
RAND,Rand Capital Corp
RAPT,RAPT Therapeutics Inc
RARE,Ultragenyx Pharmaceutical Inc
RAVE,Rave Restaurant Group Inc
RBA,Ritchie Bros Auctioneers Inc
RBB,RBB Bancorp
RBBN,Ribbon Communications Inc
RBCAA,Republic Bancorp Inc
RBCN,Rubicon Technology Inc
RBKB,Rhinebeck Bancorp Inc
RCAT,Red Cat Holdings Inc
RCEL,AVITA Medical Inc
RCI,Rogers Communications Inc
RCII,Rent-A-Center Inc
RCKT,Rocket Pharmaceuticals Inc
RCKY,Rocky Brands Inc
RCL,Royal Caribbean Group
RCM,R1 RCM INC
RCMT,RCM Technologies Inc
RCON,Recon Technology Ltd
RCRT,Recruiter.com Group Inc
RCUS,Arcus Biosciences Inc
RDCM,Radcom Ltd
RDFN,Redfin Corp
RDI,Reading International Inc.
RDIB,Reading International Inc.
RDN,Radian Group Inc
RDNT,RadNet Inc
RDUS,Radius Health Inc
RDVT,Red Violet Inc
RDWR,Radware Ltd
RE,Everest Re Group Ltd
REAL,RealReal Inc (The)
REED,Reeds Inc
REFR,Research Frontiers Inc
REGI,Renewable Energy Group Inc
REGN,Regeneron Pharmaceuticals Inc
REKR,Rekor Systems Inc
RELL,Richardson Electronics Ltd
RENO,Renovare Environmental Inc
REPL,Replimune Group Inc
RES,RPC Inc.
RETA,Reata Pharmaceuticals Inc
RETO,Reto Eco-Solutions Inc
REV,Revlon Inc.
REVG,REV Group
REX,Rex American Resources Corp
REZI,Resideo Technologies Inc
RF,Regions Financial Corp
RFIL,RF Industries Ltd
RFL,Rafael Holdings Inc
RFP,Resolute Forest Products Inc
RGA,Reinsurance Group of America Inc.
RGCO,RGC Resources Inc
RGEN,Repligen Corp
RGLD,Royal Gold Inc
RGLS,Regulus Therapeutics Inc
RGNX,REGENXBIO Inc
RGP,Resources Connection Inc
RGR,Sturm Ruger & Co Inc.
RGS,Regis Corp
RH,RH
RHI,Robert Half International Inc.
RIBT,RiceBran Technologies
RICK,RCI Hospitality Holdings Inc
RIDE,Lordstown Motors Corp
RIG,Transocean Ltd
RIGL,Rigel Pharmaceuticals Inc
RILY,B. Riley Financial Inc
RIOT,Riot Blockchain Inc
RJF,Raymond James Financial Inc.
RKDA,Arcadia Biosciences Inc
RKLY,Rockley Photonics Holdings Ltd
RL,Ralph Lauren Corp
RLGY,Realogy Holdings Corp
RLI,RLI Corp
RLMD,Relmada Therapeutics Inc
RM,Regional Management Corp
RMAX,RE/MAX Holdings Inc
RMBI,Richmond Mutual Bancorporation Inc
RMBL,RumbleON Inc
RMBS,Rambus Inc
RMCF,Rocky Mountain Chocolate Factory Inc
RMD,Resmed Inc
RMNI,Rimini Street Inc
RMO,Romeo Power Inc
RMR,RMR Group Inc (The)
RMTI,Rockwell Medical Inc
RNDB,Randolph Bancorp Inc
RNG,RingCentral Inc
RNGR,Ranger Energy Services Inc
RNR,RenaissanceRe Holdings Ltd
RNST,Renasant Corp
RNWK,RealNetworks Inc
ROAD,Construction Partners inc
ROCC,Ranger Oil Corporation
ROCK,Gibraltar Industries Inc
ROG,Rogers Corp.
ROK,Rockwell Automation Inc.
ROKU,Roku Inc
ROL,ROLLINS INC
ROLL,RBC Bearings Inc
ROP,Roper Technologies Inc
ROST,Ross Stores Inc
RPAY,Repay Holdings Corp
RPD,Rapid7 Inc
RPM,RPM International Inc
RRBI,Red River Bancshares Inc
RRC,Range Resources Corp.
RRGB,Red Robin Gourmet Burgers Inc
RRR,Red Rock Resorts Inc
RRX,Regal Rexnord Corporation
RS,Reliance Steel & Aluminum Co
RSG,Republic Services Inc.
RSLS,ReShape Lifesciences Inc
RSSS,Research Solutions Inc
RTL,The Necessity Retail REIT Inc
RTX,Raytheon Technologies Corp
RUBY,RUBIUS THERAPEUTICS INC
RUN,Sunrun Inc
RUSHA,Rush Enterprises Inc
RUSHB,Rush Enterprises Inc
RUTH,Ruth's Hospitality Group Inc
RVLP,RVL Pharmaceuticals plc
RVLV,Revolve Group Inc
RVNC,Revance Therapeutics Inc
RVPH,Reviva Pharmaceuticals Holdings Inc
RVSB,Riverview Bancorp Inc
RWLK,ReWalk Robotics Ltd
RY,Royal Bank of Canada
RYAM,Rayonier Advanced Materials Inc
RYI,Ryerson Holding Corp
RYTM,Rhythm Pharmaceuticals Inc
RZLT,Rezolute Inc
SA,Seabridge Gold Inc
SABR,Sabre Corp
SAFE,Safehold Inc
SAFM,Sanderson Farms Inc
SAFT,Safety Insurance Group Inc
SAGE,Sage Therapeutics Inc
SAH,Sonic Automotive Inc.
SAIA,Saia Inc
SAIC,Science Applications International Corp
SAIL,SailPoint Technologies Holdings Inc
SAL,Salisbury Bancorp Inc
SALM,Salem Media Group Inc
SAM,Boston Beer Co Inc. (The)
SAMG,Silvercrest Asset Management Group Inc
SAND,Sandstorm Gold Ltd
SANG,Sangoma Technologies Corporation
SANM,Sanmina Corp
SANW,S&W Seed Co
SAR,Saratoga Investment Corp
SASR,Sandy Spring Bancorp Inc
SATS,EchoStar Corp
SAVA,Cassava Sciences Inc
SAVE,Spirit Airlines Inc
SB,Safe Bulkers Inc
SBAC,SBA Communications Corp
SBCF,Seacoast Banking Corp of Florida
SBET,SharpLink Gaming Ltd
SBFG,SB Financial Group Inc
SBGI,Sinclair Broadcast Group Inc
SBH,Sally Beauty Holdings Inc
SBLK,Star Bulk Carriers Corp
SBNY,Signature Bank
SBOW,SilverBow Resources Inc
SBSI,Southside Bancshares Inc
SBT,Sterling Bancorp Inc
SBUX,Starbucks Corp
SCCO,Southern Copper Corp
SCHL,Scholastic Corp
SCHN,Schnitzer Steel Industries Inc
SCHW,Schwab (Charles) Corp
SCI,Service Corp International
SCKT,Socket Mobile Inc
SCL,Stepan Co
SCM,Stellus Capital Investment Corp
SCOR,comScore Inc
SCPH,scPharmaceuticals Inc
SCPL,SciPlay Corp
SCS,Steelcase Inc.
SCSC,ScanSource Inc
SCTL,Societal CDMO Inc
SCU,Sculptor Capital Management Inc
SCVL,Shoe Carnival Inc
SCWX,SecureWorks Corp
SCX,L.S. Starrett Co (The)
SCYX,SCYNEXIS Inc
SD,SandRidge Energy Inc
SDC,SmileDirectClub Inc
SEAC,SeaChange International Inc
SEAS,SeaWorld Entertainment Inc
SEDG,SolarEdge Technologies Inc
SEE,Sealed Air Corp
SEED,Origin Agritech Ltd
SEEL,Seelos Therapeutics Inc
SEIC,SEI Investments Co
SELB,Selecta Biosciences Inc
SELF,Global Self Storage Inc
SEM,Select Medical Holdings Corp
SENEA,Seneca Foods Corp.
SENEB,Seneca Foods Corp.
SESN,Sesen Bio Inc
SF,Stifel Financial Corp.
SFBC,Sound Financial Bancorp Inc
SFBS,ServisFirst Bancshares Inc
SFE,Safeguard Scientifics Inc.
SFIX,Stitch Fix Inc
SFL,SFL Corp Ltd
SFM,Sprouts Farmers Market Inc
SFNC,Simmons First National Corp
SFST,Southern First Bankshares Inc
SFT,Shift Technologies Inc
SGA,Saga Communications Inc.
SGBX,SG Blocks Inc
SGC,Superior Group of Cos Inc
SGEN,Seagen Inc
SGH,SMART Global Holdings Inc
SGLB,Sigma Labs Inc
SGLY,Singularity Future Technology Ltd
SGMA,SigmaTron International Inc
SGML,Sigma Lithium Corp
SGMO,Sangamo Therapeutics Inc
SGRP,SPAR Group Inc
SGRY,Surgery Partners Inc
SHAK,Shake Shack Inc
SHBI,Shore Bancshares Inc
SHEN,Shenandoah Telecommunications Co
SHIP,Seanergy Maritime Holdings Corp
SHOO,Steven Madden Ltd
SHOP,Shopify Inc
SHPW,Shapeways Holdings Inc
SHW,Sherwin-Williams Co (The)
SHYF,The Shyft Group Inc
SI,Silvergate Capital Corporation
SIBN,SI-BONE Inc
SIEB,Siebert Financial Corp.
SIEN,Sientra Inc
SIG,Signet Jewelers Ltd
SIGA,SIGA Technologies Inc
SIGI,Selective Insurance Group Inc
SII,Sprott Inc
SILC,Silicom Ltd
SILK,Silk Road Medical Inc
SINT,SiNtx Technologies Inc
SIOX,Sio Gene Therapies Inc
SIRI,Sirius XM Holdings Inc
SISI,Shineco Inc
SITE,SiteOne Landscape Supply Inc
SITM,SiTime Corp
SIVB,SVB Financial Group
SIX,Six Flags Entertainment Corp
SJ,Scienjoy Holding Corp
SJI,South Jersey Industries Inc
SJM,The J M Smucker Company
SJR,Shaw Communications Inc.
SJW,SJW Group
SKE,Skeena Resources Ltd
SKIL,Skillsoft Corp
SKX,Skechers U S A Inc
SKY,Skyline Champion Corp
SKYW,SkyWest Inc
SLAB,Silicon Laboratories Inc
SLB,Schlumberger Ltd
SLCA,U S Silica Holdings Inc
SLDB,Solid Biosciences Inc
SLF,Sun Life Financial Inc
SLGG,Super League Gaming Inc
SLGL,Sol Gel Technologies Ltd
SLGN,Silgan Holdings Inc
SLM,SLM Corp
SLNG,Stabilis Energy Inc
SLNH,Soluna Holdings Inc
SLNO,Soleno Therapeutics Inc
SLP,Simulations Plus Inc
SLRC,SLR Investment Corp
SLRX,Salarius Pharmaceuticals Inc
SLS,SELLAS Life Sciences Group Inc
SM,SM Energy Co
SMAR,Smartsheet Inc
SMBC,Southern Missouri Bancorp Inc
SMBK,SmartFinancial Inc
SMCI,Super Micro Computer Inc
SMED,Sharps Compliance Corp
SMG,Scotts Miracle-Gro Co (The)
SMHI,Seacor Marine Holdings Inc
SMID,Smith-Midland Corp
SMIT,Schmitt Industries Inc
SMLR,Semler Scientific Inc
SMMF,Summit Financial Group Inc
SMMT,Summit Therapeutics PLC
SMP,Standard Motor Products Inc.
SMPL,Simply Good Foods Co (The)
SMSI,Smith Micro Software Inc
SMTC,Semtech Corp
SMTI,Sanara Medtech Inc
SNA,Snap-On Inc
SNAP,Snap Inc
SNAX,Stryve Foods Inc
SNBR,Sleep Number Corp
SNCR,Synchronoss Technologies Inc
SND,Smart Sand Inc
SNDA,Sonida Senior Living Inc
SNDL,Sundial Growers Inc
SNDR,Schneider National Inc
SNDX,Syndax Pharmaceuticals Inc
SNES,SenesTech Inc
SNEX,Stonex Group Inc
SNFCA,Security National Financial Corp
SNGX,Soligenix Inc
SNOA,Sonoma Pharmaceuticals Inc
SNPS,Synopsys Inc
SNT,Magal Security Systems Ltd
SNV,Synovus Financial Corp.
SNX,TD SYNNEX Corporation
SO,Southern Co (The)
SOFO,Sonic Foundry Inc
SOI,Solaris Oilfield Infrastructure Inc
SOLO,Electrameccanica Vehicles Corp
SON,Sonoco Products Co
SONM,Sonim Technologies Inc
SONN,Sonnet BioTherapeutics Holdings Inc
SONO,Sonos Inc
SOTK,Sono-Tek Corp
SP,SP Plus Corp
SPB,Spectrum Brands Holdings Inc
SPCB,SuperCom Ltd
SPCE,Virgin Galactic Holdings Inc
SPFI,South Plains Financial Inc
SPGI,S&P Global Inc
SPI,SPI Energy Co Ltd
SPLK,Splunk Inc
SPNE,SeaSpine Holdings Corp
SPNS,Sapiens International Corp NV
SPNT,SiriusPoint Ltd
SPOK,Spok Holdings Inc
SPOT,Spotify Technology S.A
SPPI,Spectrum Pharmaceuticals Inc
SPR,Spirit Aerosystems Holdings Inc
SPRO,SPERO THERAPEUTICS INC
SPSC,SPS Commerce Inc
SPT,Sprout Social Inc
SPTN,SpartanNash Co
SPWH,Sportsmans Warehouse Holdings Inc
SPWR,SunPower Corp
SPXC,SPX Corp
SQ,Block Inc
SR,Spire Inc
SRAX,SRAX Inc
SRCE,1st Source Corp
SRCL,Stericycle Inc
SRDX,Surmodics Inc
SRE,Sempra
SREV,ServiceSource International Inc
SRGA,Surgalign Holdings Inc
SRI,Stoneridge Inc.
SRL,Scully Royalty Ltd
SRNE,Sorrento Therapeutics Inc
SRPT,Sarepta Therapeutics Inc
SRRA,Sierra Oncology Inc
SRRK,Scholar Rock Holding Corp
SRT,StarTek Inc
SRTS,Sensus Healthcare Inc
SSB,SouthState Corporation
SSBI,Summit State Bank
SSD,Simpson Manufacturing Co. Inc.
SSKN,STRATA Skin Sciences Inc
SSNC,SS&C Technologies Holdings Inc
SSNT,SilverSun Technologies Inc
SSP,Scripps (E.W.) Co (The)
SSRM,SSR Mining Inc
SSSS,Suro Capital Corp
SSTI,ShotSpotter Inc
SSTK,Shutterstock Inc
SSYS,Stratasys Ltd
ST,Sensata Technologies Holding Plc
STAA,STAAR Surgical Co
STAB,Statera Biopharma Inc
STAF,Staffing 360 Solutions Inc
STBA,S&T Bancorp Inc
STC,Stewart Information Services Corp
STCN,Steel Connect Inc
STE,Steris Plc
STGW,Stagwell Inc
STIM,Neuronetics Inc
STKL,SunOpta Inc
STKS,ONE Group Hospitality Inc (The)
STLA,Stellantis NV
STLD,Steel Dynamics Inc
STN,Stantec Inc
STNE,StoneCo Ltd
STNG,Scorpio Tankers Inc
STOK,Stoke Therapeutics Inc
STON,StoneMor Inc
STRA,Strategic Education Inc
STRL,Sterling Construction Co Inc
STRM,Streamline Health Solutions
STRO,Sutro Biopharma Inc
STRR,STAR EQUITY HOLDINGS INC
STRT,Strattec Security Corp
STSA,Satsuma Pharmaceuticals Inc
STT,State Street Corporation
STX,Seagate Technology Holdings plc
STZ,Constellation Brands Inc
SU,Suncor Energy Inc.
SUM,Summit Materials Inc
SUMR,Summer Infant Inc
SUNW,Sunworks Inc
SUP,Superior Industries International Inc.
SUPN,Supernus Pharmaceuticals Inc
SURF,Surface Oncology Inc
SURG,SurgePays Inc
SVRA,Savara Inc
SWAV,ShockWave Medical Inc
SWBI,Smith & Wesson Brands Inc
SWCH,Switch Inc
SWI,Solarwinds Corp
SWIR,Sierra Wireless Inc
SWK,Stanley Black & Decker Inc
SWKH,SWK Holdings Corp
SWKS,Skyworks Solutions Inc
SWM,Schweitzer-Mauduit Intl Inc
SWN,Southwestern Energy Co
SWTX,SpringWorks Therapeutics Inc
SWX,Southwest Gas Holdings Inc
SXC,SunCoke Energy Inc
SXI,Standex International Corp
SXT,Sensient Technologies Corp
SXTC,China SXT Pharmaceuticals Inc
SYBT,Stock Yards Bancorp Inc
SYBX,Synlogic Inc
SYF,Synchrony Financial
SYK,Stryker Corp
SYNA,Synaptics Inc
SYNH,Syneos Health Inc
SYNL,Synalloy Corp
SYPR,Sypris Solutions Inc
SYRS,Syros Pharmaceuticals Inc
SYY,Sysco Corporation
T,AT&T Inc
TA,TravelCenters Of America Inc
TAC,TransAlta Corp
TACT,TransAct Technologies Inc
TAIT,Taitron Components Inc
TALO,Talos Energy Inc
TANH,Tantech Holdings Ltd
TAOP,Taoping Inc
TAP,Molson Coors Beverage Company
TAP-A,Molson Coors Beverage Company
TARA,Protara Therapeutics Inc
TARO,Taro Pharmaceutical Industries Ltd
TAST,Carrols Restaurant Group Inc
TATT,TAT Technologies Ltd
TAYD,Taylor Devices Inc
TBBK,Bancorp Inc (The)
TBI,TrueBlue Inc
TBK,Triumph Bancorp Inc
TBLT,Toughbuilt Industries Inc
TBNK,Territorial Bancorp Inc
TBPH,Theravance Biopharma Inc
TCBI,Texas Capital Bancshares Inc
TCBK,TriCo Bancshares
TCCO,Technical Communications Co
TCDA,Tricida Inc
TCFC,The Community Financial Corporation
TCMD,Tactile Systems Technology Inc
TCON,TRACON Pharmaceuticals Inc
TCPC,Blackrock TCP Capital Corp
TCRR,TCR2 Therapeutics Inc
TCRT,Alaunos Therapeutics Inc
TCS,Container Store Group Inc (The)
TCX,Tucows Inc
TD,Toronto-Dominion Bank (The)
TDC,Teradata Corporation
TDG,TransDigm Group Inc
TDOC,Teladoc Health Inc
TDS,Telephone and Data Systems Inc
TDW,Tidewater Inc.
TDY,Teledyne Technologies Inc.
TEAM,Atlassian Corp Plc
TECH,Bio-Techne Corp
TECK,Teck Resources Ltd
TEL,TE Connectivity Ltd
TELA,TELA Bio Inc
TEN,Tenneco Inc
TENB,Tenable Holdings Inc
TENX,Tenax Therapeutics Inc
TER,Teradyne Inc
TESS,TESSCO Technologies Inc
TEX,Terex Corp
TFC,Truist Financial Corp
TFFP,TFF Pharmaceuticals Inc
TFII,TFI International Inc
TFSL,TFS Financial Corp
TFX,Teleflex Inc
TG,Tredegar Corp
TGA,TransGlobe Energy Corp
TGH,Textainer Group Holdings Ltd
TGI,Triumph Group Inc.
TGLS,Tecnoglass Inc
TGNA,TEGNA Inc
TGT,Target Corp
TGTX,TG Therapeutics Inc
TH,Target Hospitality Corp
THC,Tenet Healthcare Corp
THFF,First Financial Corp/IN
THG,Hanover Insurance Group Inc (The)
THMO,ThermoGenesis Holdings Inc
THO,Thor Industries Inc.
THR,Thermon Group Holdings Inc
THRM,Gentherm Inc
THRY,Thryv Holdings Inc
THS,TreeHouse Foods Inc
THTX,Theratechnologies Inc
TIGO,Millicom International Cellular SA
TILE,Interface Inc
TIPT,Tiptree Inc
TISI,Team Inc
TITN,Titan Machinery Inc
TJX,TJX Companies Inc (The)
TK,Teekay Corp
TKR,Timken Co (The)
TLRY,Tilray Brands Inc
TLSA,Tiziana Life Sciences PLC
TLYS,Tilly's Inc
TMDI,Titan Medical Inc
TMDX,Transmedics Group Inc
TMHC,Taylor Morrison Home Corporation
TMO,Thermo Fisher Scientific Inc
TMST,TimkenSteel Corp
TMUS,T-Mobile US Inc
TMX,Terminix Global Holdings Inc
TNC,Tennant Co
TNDM,Tandem Diabetes Care Inc
TNET,Trinet Group Inc
TNK,Teekay Tankers Ltd
TNL,Travel Plus Leisure Co
TNP,Tsakos Energy Navigation Ltd
TNXP,Tonix Pharmaceuticals Holding Corp
TOL,Toll Brothers Inc.
TOMZ,TOMI Environmental Solutions Inc
TOPS,Top Ships Inc
TOWN,Townebank
TPB,Turning Point Brands Inc
TPC,Tutor Perini Corp
TPH,Tri Pointe Homes Inc
TPIC,TPI Composites Inc
TPL,Texas Pacific Land Corp
TPR,Tapestry Inc
TPST,Tempest Therapeutics Inc
TPTX,Turning Point Therapeutics Inc
TPVG,TriplePoint Venture Growth BDC Corp
TPX,Tempur Sealy International Inc
TR,Tootsie Roll Industries Inc.
TRC,Tejon Ranch Co.
TREC,Trecora Resources
TREE,LendingTree Inc
TREX,Trex Co Inc
TRGP,Targa Resources Corp
TRHC,Tabula Rasa HealthCare Inc
TRI,Thomson Reuters Corp
TRIP,TripAdvisor Inc
TRMB,Trimble Inc
TRMD,Torm PLC
TRMK,Trustmark Corp
TRN,Trinity Industries Inc.
TRNS,Transcat Inc
TROO,TROOPS Inc
TROW,T. Rowe Price Group Inc
TROX,Tronox Holdings plc
TRP,TC Energy Corp
TRQ,Turquoise Hill Resources Ltd
TRS,TriMas Corp
TRST,TrustCo Bank Corp NY
TRTN,Triton International Ltd
TRTX,TPG RE Finance Trust Inc
TRU,TransUnion
TRUE,TrueCar Inc
TRUP,Trupanion Inc
TRV,Travelers Companies Inc (The)
TRVI,Trevi Therapeutics Inc
TRVN,Trevena Inc
TSAT,Telesat Corp
TSBK,Timberland Bancorp Inc
TSC,TriState Capital Holdings Inc
TSCO,Tractor Supply Co
TSE,Trinseo PLC
TSEM,Tower Semiconductor Ltd
TSLA,Tesla Inc
TSLX,Sixth Street Specialty Lending Inc
TSN,Tyson Foods Inc.
TSQ,Townsquare Media Inc
TSRI,TSR Inc
TT,Trane Technologies plc
TTC,Toro Co (The)
TTCF,Tattooed Chef Inc
TTD,Trade Desk Inc (The)
TTEC,TTEC Holdings Inc
TTEK,Tetra Tech Inc
TTGT,TechTarget Inc
TTI,TETRA Technologies Inc.
TTMI,TTM Technologies Inc
TTNP,Titan Pharmaceuticals Inc
TTOO,T2 Biosystems Inc
TTSH,Tile Shop Holdings Inc
TTWO,Take-Two Interactive Software Inc
TU,TELUS Corp
TUFN,Tufin Software Technologies Ltd
TUP,Tupperware Brands Corp
TURN,180 Degree Capital Corp
TUSK,Mammoth Energy Services Inc
TVTX,Travere Therapeutics Inc
TVTY,Tivity Health Inc
TW,Tradeweb Markets Inc
TWI,Titan International Inc
TWIN,Twin Disc Inc
TWLO,Twilio Inc
TWNK,Hostess Brands Inc
TWOU,2U Inc
TWST,Twist Bioscience Corp
TWTR,Twitter Inc
TXG,10x Genomics Inc
TXMD,TherapeuticsMD Inc
TXN,Texas Instruments Inc
TXRH,Texas Roadhouse Inc
TXT,Textron Inc
TYL,Tyler Technologies Inc
TYME,Tyme Technologies Inc
TZOO,Travelzoo
UA,Under Armour Inc
UAA,Under Armour Inc
UAL,United Airlines Holdings Inc
UBCP,United Bancorp Inc
UBER,Uber Technologies Inc
UBFO,United Security Bancshares
UBOH,United Bancshares Inc/OH
UBS,UBS Group AG
UBSI,United Bankshares Inc
UBX,Unity Biotechnology Inc
UCBI,United Community Banks Inc
UCTT,Ultra Clean Holdings Inc
UEIC,Universal Electronics Inc
UEPS,Net 1 Ueps Technologies Inc
UFCS,United Fire Group Inc
UFI,UNIFI INC.
UFPI,UFP Industries Inc
UFPT,UFP Technologies Inc
UG,United-Guardian Inc.
UGI,UGI Corp
UGRO,urban-gro Inc
UHAL,Amerco
UHS,Universal Health Services Inc.
UI,Ubiquiti Inc
UIHC,United Insurance Holdings Corp
UIS,Unisys Corp
UK,Ucommune Group Holdings Ltd
ULBI,Ultralife Corp
ULH,Universal Logistics Holdings Inc
ULTA,Ulta Beauty Inc
UMBF,UMB Financial Corp
UMPQ,Umpqua Holdings Corp
UNAM,Unico American Corp
UNB,Union Bankshares Inc
UNF,UniFirst Corp
UNFI,United Natural Foods Inc
UNH,Unitedhealth Group Inc
UNM,Unum Group
UNP,Union Pacific Corp
UNTY,Unity Bancorp Inc
UNVR,Univar Solutions Inc
UONE,Urban One Inc
UONEK,Urban One Inc
UPH,UpHealth Inc
UPLD,Upland Software Inc
UPS,United Parcel Service Inc
UPWK,Upwork Inc
URBN,Urban Outfitters Inc
URGN,UroGen Pharma Ltd
URI,United Rentals Inc.
USAK,USA Truck Inc
USAP,Universal Stainless & Alloy Products Inc
USAU,U.S. Gold Corp
USB,U.S. Bancorp
USEG,US Energy Corp.
USFD,US Foods Holding Corp
USIO,Usio Inc
USLM,United States Lime & Minerals Inc
USM,United States Cellular Corp
USNA,USANA Health Sciences Inc
USPH,US Physical Therapy Inc
USWS,US Well Services Inc
USX,US Xpress Enterprises Inc
UTHR,United Therapeutics Corp
UTI,Universal Technical Institute Inc.
UTL,Unitil Corp
UTMD,Utah Medical Products Inc
UTSI,Utstarcom Holdings Corp
UTZ,Utz Brands Inc
UVE,Universal Insurance Holdings
UVSP,Univest Financial Corp
UVV,Universal Corp
V,Visa Inc
VABK,Virginia National Bankshares Corp
VAC,Marriott Vacations Worldwide Corp
VALU,Value Line Inc
VAPO,Vapotherm Inc
VATE,INNOVATE Corp
VBFC,Village Bank and Trust Financial Corp
VBIV,VBI Vaccines Inc
VBLT,Vascular Biogenics Ltd
VBTX,Veritex Holdings Inc
VC,Visteon Corp.
VCEL,Vericel Corp
VCNX,Vaccinex Inc
VCTR,Victory Capital Holdings Inc
VCYT,Veracyte Inc
VEC,Vectrus Inc
VECO,Veeco Instruments Inc
VEEV,Veeva Systems Inc
VERB,Verb Technology Co Inc
VERI,Veritone Inc
VERO,Venus Concept Inc
VERU,Veru Inc
VERY,Vericity Inc
VET,Vermilion Energy Inc
VEV,Vicinity Motor Corp
VFC,V.F. Corp
VFF,Village Farms International Inc
VG,Vonage Holdings Corp
VGR,Vector Group Ltd
VHC,VirnetX Holding Corp
VHI,Valhi Inc.
VIA,Via Renewables Inc
VIAV,Viavi Solutions Inc
VICI,VICI Properties Inc
VICR,Vicor Corp.
VIR,Vir Biotechnology Inc
VIRC,Virco Mfg. Corp
VIRT,VIRTU FINANCIAL INC
VIRX,Viracta Therapeutics Inc
VISL,Vislink Technologies Inc
VIVE,Viveve Medical Inc
VIVK,Vivakor Inc
VIVO,Meridian Bioscience Inc
VKTX,Viking Therapeutics Inc
VLDR,Velodyne Lidar Inc
VLGEA,Village Super Market Inc
VLO,Valero Energy Corp
VLY,Valley National Bancorp
VMC,Vulcan Materials Co
VMD,Viemed Healthcare Inc
VMI,Valmont Industries Inc
VMW,VMware Inc
VNCE,Vince Holding Corp
VNDA,Vanda Pharmaceuticals Inc
VNTR,Venator Materials PLC
VOXX,VOXX International Corp
VOYA,Voya Financial Inc
VPG,Vishay Precision Group Inc
VQS,VIQ Solutions Inc
VRA,Vera Bradley Inc
VRAY,ViewRay Inc
VRCA,Verrica Pharmaceuticals Inc
VRDN,Viridian Therapeutics Inc
VREX,Varex Imaging Corp
VRME,VerifyMe Inc
VRNS,Varonis Systems Inc
VRNT,Verint Systems Inc
VRRM,Verra Mobility Corp
VRSK,VERISK ANALYTICS INC
VRSN,Verisign Inc
VRT,Vertiv Holdings Co
VRTS,Virtus Investment Partners Inc
VRTV,Veritiv Corp
VRTX,Vertex Pharmaceuticals Inc
VS,Versus Systems Inc
VSAT,ViaSat Inc.
VSEC,VSE Corp
VSH,Vishay Intertechnology Inc.
VST,Vistra Corp
VSTM,Verastem Inc
VSTO,Vista Outdoor Inc
VTGN,VistaGen Therapeutics Inc
VTNR,Vertex Energy Inc
VTOL,Bristow Group Inc
VTRS,Viatris Inc
VTSI,Virtra Inc
VTVT,vTv Therapeutics Inc
VUZI,Vuzix Corp
VVI,Viad Corp
VVNT,Vivint Smart Home Inc
VVPR,VivioPower International Plc
VVV,Valvoline Inc
VWTR,Vidler Water Resources Inc
VXRT,Vaxart Inc
VYGR,Voyager Therapeutics Inc
VYNE,VYNE Therapeutics Inc
VYNT,Vyant Bio Inc
VZ,Verizon Communications Inc
W,Wayfair Inc
WAB,Westinghouse Air Brake Technologies Corp
WABC,Westamerica Bancorporation
WAFD,Washington Federal Inc.
WAFU,Wah Fu Education Group Ltd
WAL,Western Alliance Bancorporation
WASH,Washington Trust Bancorp Inc
WAT,Waters Corp
WATT,Energous Corp
WAVD,WaveDancer Inc
WBA,Walgreens Boots Alliance Inc
WBD,Warner Bros. Discovery Inc
WBS,Webster Financial Corp
WBT,Welbilt Inc
WCC,WESCO International Inc
WCN,Waste Connections Inc.
WD,Walker & Dunlop Inc
WDAY,Workday Inc
WDC,Western Digital Corp
WDFC,WD-40 Co
WEC,WEC Energy Group Inc
WEN,Wendy's Co
WERN,Werner Enterprises Inc.
WETF,Wisdomtree Investments Inc
WEX,WEX Inc
WEYS,Weyco Group Inc
WFC,Wells Fargo & Co
WFCF,Where Food Comes From Inc
WFG,West Fraser Timber Co Ltd
WGO,Winnebago Industries Inc.
WH,Wyndham Hotels & Resorts Inc
WHD,Cactus Inc
WHF,WhiteHorse Finance Inc
WHG,Westwood Holdings Group Inc.
WHLM,Wilhelmina International Inc
WHR,Whirlpool Corp
WILC,G Willi-Food International Ltd
WINA,Winmark Corp
WING,Wingstop Inc
WINT,Windtree Therapeutics Inc
WIRE,Encore Wire Corp
WISA,WiSA Technologies Inc
WIX,Wix.com Ltd
WK,Workiva Inc
WKHS,Workhorse Group Inc
WKSP,Worksport Ltd
WLDN,Willdan Group Inc
WLFC,Willis Lease Finance Corp
WLK,Westlake Chemical Corp
WLL,Whiting Petroleum Corp
WLY,John Wiley & Sons Inc.
WM,Waste Management Inc.
WMB,Williams Cos Inc. (The)
WMK,Weis Markets Inc.
WMPN,William Penn Bancorp
WMS,Advanced Drainage Systems Inc
WMT,Walmart Inc
WNC,Wabash National Corp
WNEB,Western New England Bancorp Inc
WOLF,Wolfspeed Inc
WOR,Worthington Industries Inc.
WORX,SCWorx Corp
WOW,WideOpenWest Inc
WPM,Wheaton Precious Metals Corp
WPRT,Westport Fuel Systems Inc
WRAP,Wrap Technologies Inc
WRB,Berkley (W.R.) Corp
WRK,WestRock Company
WRLD,World Acceptance Corp
WSBC,WesBanco Inc
WSBF,Waterstone Financial Inc
WSC,WillScot Mobile Mini Holdings Corp
WSFS,WSFS Financial Corp
WSM,Williams-Sonoma Inc
WSO,Watsco Inc
WST,West Pharmaceutical Services Inc.
WSTG,Wayside Technology Group
WTBA,West Bancorporation Inc
WTER,Alkaline Water Co Inc (The)
WTFC,Wintrust Financial Corp.
WTI,W&T Offshore Inc
WTM,White Mountains Insurance Group Ltd
WTRG,Essential Utilities Inc
WTRH,Waitr Holdings Inc
WTS,Watts Water Technologies Inc
WTTR,Select Energy Services Inc
WTW,Willis Towers Watson plc
WU,Western Union Co
WULF,Terawulf Inc.
WVE,Wave Life Sciences Ltd
WVFC,WVS Financial Corp.
WVVI,Willamette Valley Vineyards Inc
WW,WW International Inc
WWD,Woodward Inc
WWE,World Wrestling Entertainment Inc.
WWW,Wolverine World Wide Inc.
WYNN,Wynn Resorts Ltd
X,United States Steel Corp
XAIR,Beyond Air Inc
XBIO,Xenetic Biosciences PLC
XBIT,XBiotech Inc
XCUR,Exicure Inc
XEL,Xcel Energy Inc.
XELA,Exela Technologies Inc
XELB,Xcel Brands Inc
XENE,Xenon Pharmaceuticals Inc
XENT,Intersect ENT Inc
XERS,Xeris Biopharma Holdings Inc
XFOR,X4 Pharmaceuticals Inc
XGN,Exagen Inc
XL,XL Fleet Corp
XNCR,Xencor Inc
XOM,Exxon Mobil Corp
XOMA,XOMA Corp
XP,XP Inc
XPEL,XPEL Inc
XPER,Xperi Holding Corp
XPO,XPO Logistics Inc
XPRO,Expro Group Holdings N V
XRAY,DENTSPLY SIRONA Inc
XRX,Xerox Holdings Corp
XSPA,Xpresspa Group Inc
XXII,22nd Century Group Inc
XYL,Xylem Inc
Y,Alleghany Corp
YELL,Yellow Corp
YELP,Yelp Inc
YETI,YETI Holdings Inc
YEXT,Yext Inc
YMAB,Y-mAbs Therapeutics Inc
YMTX,Yumanity Therapeutics Inc
YORW,York Water Co (The)
YTEN,Yield10 Bioscience Inc
YTRA,Yatra Online Inc
YUM,YUM BRANDS  INC
YUMC,Yum China Holdings Inc
YVR,Liquid Media Group Ltd
Z,Zillow Group Inc
ZBH,Zimmer Biomet Holdings Inc
ZBRA,Zebra Technologies Corp.
ZD,Ziff Davis Inc
ZEN,ZENDESK INC
ZEST,Ecoark Holdings Inc
ZEUS,Olympic Steel Inc
ZG,Zillow Group Inc
ZION,Zions Bancorporation National Association
ZIVO,Zivo Bioscience Inc
ZKIN,ZK International Group Co Ltd
ZM,Zoom Video Communications Inc
ZNGA,Zynga Inc
ZS,Zscaler Inc
ZSAN,Zosano Pharma Corp
ZTEK,Zentek Ltd
ZTS,Zoetis Inc
ZUMZ,Zumiez Inc
ZUO,Zuora Inc
ZVO,Zovio Inc
ZWS,Zurn Water Solutions Corporation
ZYME,Zymeworks Inc
ZYNE,Zynerba Pharmaceuticals Inc
ZYXI,Zynex Inc